time,latitude,longitude,depth,mag,magType,nst,gap,dmin,rms,net,id,updated,place,type,horizontalError,depthError,magError,magNst,status,locationSource,magSource
2020-02-19T21:38:06.692Z,43.715,-127.9085,10,4.5,mb,,192,1.97,0.97,us,us70007t8b,2020-02-26T09:34:26.918Z,"291km WNW of Bandon, Oregon",earthquake,8.1,1.9,0.057,91,reviewed,us,us
2020-01-05T11:13:49.727Z,43.4567,-128.679,10,3.7,ml,,230,2.48,0.52,us,us70006uz3,2020-01-22T06:21:23.814Z,"Off the coast of Oregon",earthquake,10.1,2,0.048,56,reviewed,us,us
2019-12-28T07:09:26.475Z,44.0699,-129.9558,10,3.7,ml,,259,1.757,0.84,us,us70006rtm,2020-02-05T06:23:02.040Z,"Off the coast of Oregon",earthquake,10.9,2,0.06,36,reviewed,us,us
2019-11-13T12:47:18.300Z,43.8328,-127.0351,10,2.8,ml,,252,2.191,0.78,us,us60006b1k,2020-02-07T20:20:35.040Z,"226km WNW of Bandon, Oregon",earthquake,10.5,2,0.043,70,reviewed,us,us
2019-11-01T15:12:54.871Z,44.02,-129.3875,10,3.5,mb,,261,3.854,1,us,us7000620g,2020-01-18T20:00:53.040Z,"Off the coast of Oregon",earthquake,11.2,2,0.22,5,reviewed,us,us
2019-10-26T10:30:38.393Z,43.2824,-127.1743,10,3.2,ml,,277,2.12,0.6,us,us6000637x,2020-01-11T21:26:43.040Z,"225km W of Bandon, Oregon",earthquake,4.4,2,0.042,74,reviewed,us,us
2019-10-10T19:16:41.504Z,43.3844,-128.0245,10,3.2,ml,,286,2.749,0.65,us,us70005t5t,2019-12-28T20:45:48.040Z,"295km W of Bandon, Oregon",earthquake,12,2,0.051,50,reviewed,us,us
2019-10-02T02:47:27.846Z,44.4058,-128.9564,10,3.9,mb,,221,3.682,0.78,us,us70005pnm,2019-12-27T15:49:47.040Z,"Off the coast of Oregon",earthquake,10.6,2,0.129,16,reviewed,us,us
2019-09-24T14:45:09.287Z,43.8552,-129.3281,10,3.1,ml,,289,3.771,0.48,us,us60005mtv,2019-12-20T19:02:09.040Z,"Off the coast of Oregon",earthquake,15,2,0.074,24,reviewed,us,us
2019-09-11T17:49:54.109Z,43.7295,-127.1248,10,3,ml,,246,2.21,0.63,us,us70005exh,2019-12-05T18:30:59.040Z,"230km WNW of Bandon, Oregon",earthquake,10,2,0.045,66,reviewed,us,us
2019-09-10T02:33:53.514Z,44.5396,-129.4604,10,4.1,mb,,199,4.051,0.78,us,us70005dye,2019-12-05T18:30:53.040Z,"Off the coast of Oregon",earthquake,8.8,1.9,0.053,97,reviewed,us,us
2019-09-06T10:33:31.262Z,43.6719,-127.5721,10,3.1,ml,,232,2.496,0.71,us,us70005fvt,2019-11-30T19:36:22.040Z,"263km WNW of Bandon, Oregon",earthquake,9.9,2,0.037,94,reviewed,us,us
2019-09-05T15:27:25.808Z,43.7842,-127.6118,10,4.1,mb,,191,2.559,0.81,us,us70005ccc,2019-11-30T19:37:12.040Z,"269km WNW of Bandon, Oregon",earthquake,9.3,2,0.064,70,reviewed,us,us
2019-09-05T15:02:45.258Z,43.7183,-127.8191,10,5.9,mww,,31,2.681,0.83,us,us70005cba,2020-02-20T15:12:55.994Z,"284km WNW of Bandon, Oregon",earthquake,7.4,1.8,0.028,122,reviewed,us,us
2019-09-05T14:25:47.307Z,43.7126,-127.3848,10,3.7,mb,,205,2.38,0.72,us,us70005cat,2019-11-30T19:37:13.040Z,"249km WNW of Bandon, Oregon",earthquake,10.4,2,0.14,20,reviewed,us,us
2019-09-03T04:09:57.725Z,43.8221,-128.9515,10,3.1,ml,,254,3.499,0.55,us,us70005bcd,2019-11-30T19:37:33.040Z,"Off the coast of Oregon",earthquake,3.6,2,0.052,48,reviewed,us,us
2019-09-02T23:32:25.662Z,43.6513,-127.4209,10,3,ml,,227,2.385,0.85,us,us70005ba3,2019-11-15T17:22:06.040Z,"251km WNW of Bandon, Oregon",earthquake,8.7,2,0.043,72,reviewed,us,us
2019-09-01T01:52:11.846Z,43.5558,-127.7452,10,3.1,ml,,256,2.585,0.81,us,us70005are,2019-11-15T17:21:11.040Z,"274km WNW of Bandon, Oregon",earthquake,5.2,2,0.042,74,reviewed,us,us
2019-08-30T19:08:04.034Z,43.5194,-127.7114,10,2.9,ml,,247,2.552,0.81,us,us70005ad5,2019-11-15T17:20:39.040Z,"271km W of Bandon, Oregon",earthquake,9.4,2,0.043,72,reviewed,us,us
2019-08-29T15:07:58.646Z,43.5425,-127.8817,10,6.3,mww,,31,2.678,1.17,us,us700059qh,2020-02-27T15:18:07.880Z,"285km W of Bandon, Oregon",earthquake,6.9,1.8,0.04,60,reviewed,us,us
2019-08-17T11:41:53.262Z,44.4313,-128.5884,10,3.3,ml,,239,3.34,0.54,us,us600056e9,2019-11-02T15:26:11.040Z,"Off the coast of Oregon",earthquake,11.3,2,0.044,68,reviewed,us,us
2019-08-17T00:29:29.762Z,43.6169,-130.243,10,3.4,ml,,258,4.494,0.88,us,us700058ew,2019-11-02T15:26:22.040Z,"Off the coast of Oregon",earthquake,14.2,2,0.077,22,reviewed,us,us
2019-08-16T15:23:18.914Z,44.2729,-129.3962,10,5.4,mww,,170,3.892,1.2,us,us6000561j,2020-02-28T15:33:25.925Z,"Off the coast of Oregon",earthquake,8.9,1.9,0.031,103,reviewed,us,us
2019-08-09T22:14:41.540Z,44.0283,-128.8655,10,3.3,ml,,222,3.492,0.61,us,us60005364,2019-10-29T20:33:51.040Z,"Off the coast of Oregon",earthquake,9.8,2,0.043,72,reviewed,us,us
2019-08-09T16:39:44.246Z,43.7943,-129.5246,10,4,mb,,209,3.897,0.92,us,us600052xt,2019-10-29T20:33:50.040Z,"Off the coast of Oregon",earthquake,11.7,2,0.26,4,reviewed,us,us
2019-07-25T20:32:31.644Z,44.5176,-129.2788,10,3.3,ml,,293,3.842,0.95,us,us60004vjc,2019-10-11T20:12:31.040Z,"Off the coast of Oregon",earthquake,9.4,2,0.053,46,reviewed,us,us
2019-07-17T14:59:59.507Z,43.4212,-127.1745,10,5.4,mww,,158,2.149,0.84,us,us70004m7u,2020-02-26T15:10:02.300Z,"227km W of Bandon, Oregon",earthquake,7.9,1.9,0.031,103,reviewed,us,us
2019-07-17T07:08:57.608Z,43.3697,-127.099,10,2.7,ml,,267,2.084,0.91,us,us70004m35,2019-10-04T16:37:07.040Z,"220km W of Bandon, Oregon",earthquake,4.6,2,0.043,72,reviewed,us,us
2019-07-15T08:54:05.490Z,44.062,-128.8645,10,2.8,ml,,244,3.493,0.56,us,us70004kgh,2019-09-28T20:01:25.040Z,"Off the coast of Oregon",earthquake,11.7,2,0.046,62,reviewed,us,us
2019-07-03T22:42:34.366Z,44.5242,-128.9042,10,3.7,mb,,203,3.579,0.91,us,us700049ns,2019-09-26T14:30:07.040Z,"Off the coast of Oregon",earthquake,9.7,2,0.178,8,reviewed,us,us
2019-07-03T22:32:31.614Z,44.4836,-128.935,10,4.1,mb,,212,3.593,0.75,us,us700049nv,2019-09-26T14:30:07.040Z,"Off the coast of Oregon",earthquake,9.5,2,0.165,10,reviewed,us,us
2019-07-03T15:15:20.055Z,44.397,-129.0801,10,4.1,mb,,220,3.682,0.76,us,us700049b3,2019-09-26T14:30:06.040Z,"Off the coast of Oregon",earthquake,10.9,2,0.123,18,reviewed,us,us
2019-07-03T13:26:39.172Z,44.4341,-128.9679,10,3.8,mb,,203,3.608,0.78,us,us70004997,2019-09-26T14:30:06.040Z,"Off the coast of Oregon",earthquake,10.3,2,0.117,19,reviewed,us,us
2019-06-29T11:45:10.406Z,44.3972,-129.5483,10,3.1,ml,,213,4.015,0.71,us,us7000479l,2019-09-14T16:08:19.040Z,"Off the coast of Oregon",earthquake,11.1,2,0.053,46,reviewed,us,us
2019-06-26T00:29:51.305Z,43.3699,-127.1632,10,4.1,mb,,184,2.13,1.11,us,us7000450i,2019-09-14T16:08:08.040Z,"225km W of Bandon, Oregon",earthquake,8.2,2,0.073,51,reviewed,us,us
2019-06-25T09:54:49.285Z,43.8708,-127.762,10,2.9,ml,,215,2.69,0.86,us,us600045nl,2019-09-14T16:08:06.040Z,"283km WNW of Bandon, Oregon",earthquake,10.1,2,0.04,84,reviewed,us,us
2019-06-23T02:12:27.430Z,43.9451,-128.238,10,3.1,ml,,270,3.036,0.76,us,us600044r5,2019-09-11T15:19:34.040Z,"Off the coast of Oregon",earthquake,12.4,2,0.05,52,reviewed,us,us
2019-06-22T16:17:33.058Z,43.8895,-128.2901,10,2.8,ml,,252,3.057,0.78,us,us600044nw,2019-09-11T15:19:31.040Z,"Off the coast of Oregon",earthquake,6.3,2,0.069,28,reviewed,us,us
2019-06-22T14:26:42.503Z,43.6792,-128.4694,10,4.6,mww,,212,3.125,0.8,us,us600044mm,2019-09-11T15:19:31.040Z,"Off the coast of Oregon",earthquake,8.7,2,0.063,24,reviewed,us,us
2019-06-22T14:14:05.166Z,43.7894,-128.4982,10,3.3,ml,,275,3.173,0.45,us,us600044ml,2019-09-11T15:19:31.040Z,"Off the coast of Oregon",earthquake,4.3,2,0.051,50,reviewed,us,us
2019-06-22T13:40:13.688Z,43.7798,-128.5184,10,4.7,mww,,181,3.184,0.71,us,us600044mf,2019-09-11T15:19:30.040Z,"Off the coast of Oregon",earthquake,8.2,1.6,0.043,52,reviewed,us,us
2019-06-22T13:37:31.034Z,43.7593,-128.5469,10,4.2,mb,,186,3.199,0.76,us,us600044mh,2019-09-11T15:19:30.040Z,"Off the coast of Oregon",earthquake,10.5,2,0.075,50,reviewed,us,us
2019-06-22T13:32:06.804Z,43.6281,-128.5519,10,4.1,mb,,201,3.172,0.78,us,us700046tc,2019-09-11T15:19:30.040Z,"Off the coast of Oregon",earthquake,10.2,2,0.173,9,reviewed,us,us
2019-06-22T13:16:09.759Z,43.61,-128.711,10,4.2,mb,,224,3.281,0.56,us,us600044m7,2019-09-11T15:19:30.040Z,"Off the coast of Oregon",earthquake,10.3,2,0.187,8,reviewed,us,us
2019-06-22T13:00:14.319Z,43.7936,-128.5192,10,5.3,mww,,165,3.189,0.85,us,us600044ly,2019-09-11T15:19:30.040Z,"Off the coast of Oregon",earthquake,4.1,1.9,0.032,94,reviewed,us,us
2019-06-22T12:58:46.474Z,43.8599,-128.2262,10,4.1,mb,,222,3.004,0.88,us,us600044lz,2019-09-11T15:19:30.040Z,"Off the coast of Oregon",earthquake,6.7,2,0.15,12,reviewed,us,us
2019-06-22T12:52:01.945Z,43.7669,-128.4022,10,5.3,mww,,168,3.1,0.95,us,us600044lu,2020-02-29T13:02:17.436Z,"Off the coast of Oregon",earthquake,5.6,1.9,0.031,97,reviewed,us,us
2019-06-22T12:45:04.930Z,43.6074,-128.3122,10,3.6,ml,,235,2.998,0.65,us,us700046tk,2019-09-11T15:19:30.040Z,"Off the coast of Oregon",earthquake,12.2,2,0.057,40,reviewed,us,us
2019-06-22T12:43:42.498Z,43.8516,-128.4773,10,4.9,mww,,183,3.175,0.92,us,us600044lt,2019-09-11T15:19:30.040Z,"Off the coast of Oregon",earthquake,3.1,1.9,0.041,58,reviewed,us,us
2019-06-21T22:03:18.795Z,43.7913,-127.8349,10,3.2,ml,,283,2.714,1.05,us,us600044hk,2019-09-11T15:19:28.040Z,"287km WNW of Bandon, Oregon",earthquake,4.8,2,0.046,62,reviewed,us,us
2019-06-21T05:23:05.624Z,43.6424,-128.3709,10,4.1,mb,,198,3.047,0.88,us,us6000442t,2019-09-11T15:19:23.040Z,"Off the coast of Oregon",earthquake,10.6,2,0.085,38,reviewed,us,us
2019-06-21T00:59:00.876Z,43.5904,-128.5139,10,4,mb,,220,3.137,0.64,us,us700046qx,2019-09-11T15:19:22.040Z,"Off the coast of Oregon",earthquake,13.1,2,0.183,8,reviewed,us,us
2019-06-11T01:48:23.998Z,43.244,-127.4197,10,2.7,ml,,240,2.291,1.07,us,us70003xyt,2019-09-06T14:25:32.040Z,"244km WNW of Port Orford, Oregon",earthquake,5.9,2,0.046,62,reviewed,us,us
2019-05-25T23:53:46.312Z,44.1369,-129.0674,10,4,mb,,212,3.644,0.63,us,us60003s7z,2019-08-13T14:30:37.040Z,"Off the coast of Oregon",earthquake,10.6,2,0.182,8,reviewed,us,us
2019-05-23T07:55:17.115Z,44.1464,-129.3155,10,3.9,mb,,228,3.823,0.61,us,us70003ta8,2019-08-13T14:30:49.040Z,"Off the coast of Oregon",earthquake,13.2,2,0.297,3,reviewed,us,us
2019-05-17T17:08:01.548Z,40.6735,-127.1801,12.66,3.3,ml,,254,2.174,0.67,us,us70003mn1,2019-08-07T22:03:45.040Z,"246km W of Ferndale, California",earthquake,5.9,9.4,0.045,64,reviewed,us,us
2019-05-09T07:14:43.195Z,40.6272,-127.3873,10,3.1,ml,,265,2.328,0.7,us,us70003iqs,2019-08-01T17:15:06.040Z,"264km W of Ferndale, California",earthquake,9.4,2,0.051,50,reviewed,us,us
2019-05-05T07:12:01.154Z,40.6137,-127.5097,10,3.2,ml,,253,2.59,0.99,us,us70003gxv,2019-07-25T18:54:20.040Z,"274km W of Ferndale, California",earthquake,11.4,2,0.048,56,reviewed,us,us
2019-05-05T06:46:57.006Z,40.6203,-127.3338,10,5,mww,,252,2.287,0.69,us,us70003gxb,2020-02-23T06:57:20.337Z,"259km W of Ferndale, California",earthquake,8.8,2,0.033,86,reviewed,us,us
2019-05-05T06:32:10.525Z,40.561,-127.6117,10,4.3,mb,,254,2.786,0.68,us,us70003gx6,2019-07-25T18:54:20.040Z,"283km W of Ferndale, California",earthquake,4.4,2,0.057,87,reviewed,us,us
2019-05-05T06:29:34.607Z,40.5934,-127.2416,10,3.3,ml,,247,2.386,0.68,us,us70003gx2,2019-07-25T18:54:20.040Z,"252km W of Ferndale, California",earthquake,9.4,2,0.046,62,reviewed,us,us
2019-05-05T04:17:20.079Z,40.5449,-127.8141,10,3.1,ml,,268,2.819,0.65,us,us70003gvp,2019-07-25T18:54:20.040Z,"300km W of Ferndale, California",earthquake,11.1,2,0.06,36,reviewed,us,us
2019-04-23T17:53:49.045Z,40.518,-127.0119,10,3.7,mwr,,198,2.207,0.88,us,us70003aud,2019-07-13T18:42:35.040Z,"232km W of Ferndale, California",earthquake,8.1,2,0.068,21,reviewed,us,us
2019-04-23T08:58:22.756Z,43.6833,-127.51,10,3.9,mb,,191,2.51,1.2,us,us70003aks,2019-07-13T18:42:34.040Z,"258km WNW of Bandon, Oregon",earthquake,7.9,2,0.084,44,reviewed,us,us
2019-04-12T14:06:27.097Z,40.3879,-127.0159,10,4.8,mww,,182,2.045,1.04,us,us700034z9,2019-06-20T19:03:25.040Z,"234km W of Ferndale, California",earthquake,7.5,1.6,0.117,7,reviewed,us,us
2019-04-10T14:11:31.833Z,44.0526,-128.8198,10,4.7,mww,,186,3.461,0.7,us,us700033n5,2019-06-20T19:03:12.040Z,"Off the coast of Oregon",earthquake,9.8,1.9,0.05,39,reviewed,us,us
2019-03-30T03:44:51.210Z,40.5617,-127.2253,10,3,ml,,289,2.203,1.04,us,us2000k7hv,2019-06-08T20:51:11.040Z,"250km W of Ferndale, California",earthquake,9.8,2,0.055,44,reviewed,us,us
2019-03-26T22:43:31.240Z,43.5223,-128.5754,10,3.4,ml,,280,3.293,0.57,us,us1000jm2i,2019-06-08T20:51:14.040Z,"Off the coast of Oregon",earthquake,12.9,2,0.046,62,reviewed,us,us
2019-03-17T12:05:15.340Z,43.4168,-127.6289,10,3.1,ml,,274,2.622,0.57,us,us1000jhfg,2019-06-01T21:24:21.040Z,"263km W of Bandon, Oregon",earthquake,11.6,2,0.046,62,reviewed,us,us
2019-03-13T08:22:13.811Z,43.7144,-127.9008,10,3.3,ml,,281,2.792,0.69,us,us1000jk7i,2019-06-01T21:24:27.040Z,"290km WNW of Bandon, Oregon",earthquake,13.2,2,0.057,40,reviewed,us,us
2019-02-28T23:33:08.670Z,43.2634,-127.0925,10,3.2,ml,,240,2.267,0.75,us,us1000j90y,2019-05-14T18:36:14.040Z,"218km W of Bandon, Oregon",earthquake,10,2,0.046,62,reviewed,us,us
2019-02-12T03:52:30.670Z,44.5321,-129.4464,10,4.2,mb,,200,3.962,0.43,us,us2000jgia,2019-05-01T22:00:34.040Z,"Off the coast of Oregon",earthquake,9.8,2,0.076,48,reviewed,us,us
2019-01-29T03:36:16.860Z,44.2018,-129.5546,10,3.2,ml,,281,3.999,0.89,us,us2000j9xx,2019-04-18T19:09:24.040Z,"Off the coast of Oregon",earthquake,14.3,2,0.056,42,reviewed,us,us
2019-01-27T03:40:50.630Z,44.4659,-130.0364,10,4.4,mb,,206,4.37,0.99,us,us2000j9cc,2019-04-12T17:15:36.040Z,"Off the coast of Oregon",earthquake,11,2,0.043,159,reviewed,us,us
2019-01-25T01:40:58.950Z,40.6224,-127.3185,10,3,ml,,267,2.276,1.1,us,us2000j8m6,2019-04-12T17:14:48.040Z,"258km W of Ferndale, California",earthquake,4.8,2,0.052,48,reviewed,us,us
2018-12-21T14:25:58.870Z,40.5841,-127.2075,10,2.7,ml,,255,2.19,1.07,us,us2000iw6b,2019-02-23T20:22:20.040Z,"249km W of Ferndale, California",earthquake,4.5,2,0.058,39,reviewed,us,us
2018-12-19T20:04:39.850Z,40.5419,-127.2212,10,3.2,ml,,285,2.199,0.63,us,us2000iv8r,2019-02-23T20:20:54.040Z,"250km W of Ferndale, California",earthquake,5.1,2,0.066,30,reviewed,us,us
2018-12-16T03:10:35.420Z,40.4853,-127.1473,14.75,3.1,ml,,298,2.192,0.71,us,us2000iuy5,2019-02-16T22:29:10.040Z,"244km W of Ferndale, California",earthquake,6.7,9.1,0.087,8,reviewed,nc,nc
2018-12-04T15:29:29.150Z,43.8986,-127.5266,10,3.2,ml,,274,2.521,0.37,us,us1000i1ya,2019-02-16T19:52:19.040Z,"266km WNW of Bandon, Oregon",earthquake,5.3,2,0.051,50,reviewed,us,us
2018-11-30T15:53:10.330Z,43.9578,-128.8983,10,4.1,mb,,199,3.513,1.21,us,us1000hyb0,2019-02-09T19:02:12.040Z,"Off the coast of Oregon",earthquake,9.9,2,0.112,22,reviewed,us,us
2018-10-28T17:18:51.530Z,40.5487,-127.1259,10,3.2,ml,,284,2.295,0.79,us,us2000i5zi,2019-01-10T17:18:44.040Z,"242km W of Ferndale, California",earthquake,10.2,2,0.053,46,reviewed,us,us
2018-10-27T02:02:29.970Z,40.4386,-127.2484,10,3.1,ml,,271,2.387,0.95,us,us1000hhuw,2019-01-10T17:18:39.040Z,"253km W of Ferndale, California",earthquake,11.7,2,0.051,50,reviewed,us,us
2018-10-24T00:21:21.400Z,43.6948,-127.6956,10,4.5,mb,,169,2.644,0.7,us,us1000hgcv,2019-01-10T17:18:35.040Z,"273km WNW of Bandon, Oregon",earthquake,8.5,1.9,0.081,45,reviewed,us,us
2018-10-22T04:17:20.910Z,43.6333,-127.9833,10,3.2,ml,,250,2.856,0.82,us,us1000hffx,2019-01-10T17:18:33.040Z,"295km WNW of Bandon, Oregon",earthquake,11,2,0.043,72,reviewed,us,us
2018-10-06T06:31:32.170Z,43.8069,-127.8888,10,4.3,mb,,189,2.781,0.92,us,us1000h80u,2018-12-14T20:32:43.040Z,"291km WNW of Bandon, Oregon",earthquake,9.4,2,0.097,30,reviewed,us,us
2018-09-28T06:24:22.930Z,43.5291,-127.5753,10,3.1,ml,,268,2.569,0.69,us,us1000h3lv,2018-12-01T16:42:49.040Z,"260km W of Bandon, Oregon",earthquake,4.8,2,0.048,56,reviewed,us,us
2018-09-08T18:03:42.490Z,43.2636,-127.0032,10,3,ml,,253,2.203,0.54,us,us2000hb4q,2018-11-09T21:54:46.040Z,"211km W of Bandon, Oregon",earthquake,4.8,2,0.044,68,reviewed,us,us
2018-09-06T18:59:39.100Z,43.3415,-127.5282,10,3.1,ml,,286,2.562,0.35,us,us2000h9qt,2018-11-09T21:54:34.040Z,"254km W of Bandon, Oregon",earthquake,10.8,2,0.048,58,reviewed,us,us
2018-09-01T06:19:21.980Z,43.7021,-127.4381,10,3.1,ml,,255,2.457,0.79,us,us2000h6dh,2018-11-07T18:37:08.040Z,"253km WNW of Bandon, Oregon",earthquake,3.4,2,0.047,60,reviewed,us,us
2018-08-31T04:30:46.470Z,43.6,-127.4751,10,3.2,ml,,205,2.49,0.94,us,us2000h5vh,2018-11-07T18:37:07.040Z,"254km WNW of Bandon, Oregon",earthquake,8.6,2,0.041,80,reviewed,us,us
2018-08-29T12:36:03.020Z,40.3547,-127.014,10,2.9,ml,,264,2.047,0.73,us,us1000gjdu,2018-11-07T18:37:04.040Z,"234km W of Ferndale, California",earthquake,3.1,2,0.053,46,reviewed,us,us
2018-08-28T06:53:32.320Z,43.6591,-127.47,10,3.5,ml,,248,2.482,1.06,us,us1000giht,2018-11-07T18:37:03.040Z,"255km WNW of Bandon, Oregon",earthquake,9.1,2,0.045,66,reviewed,us,us
2018-08-26T06:57:15.830Z,43.4494,-128.0385,10,3,ml,,277,2.913,0.81,us,us1000ghi6,2018-11-01T17:51:00.040Z,"296km W of Bandon, Oregon",earthquake,12.6,2,0.05,52,reviewed,us,us
2018-08-24T17:33:36.560Z,43.5999,-127.3526,10,3.9,mb,,193,2.401,1.07,us,us1000ggul,2018-11-01T17:50:57.040Z,"244km WNW of Bandon, Oregon",earthquake,8.7,2,0.182,9,reviewed,us,us
2018-08-23T07:16:23.720Z,43.6254,-127.4857,10,4,mb,,203,2.496,1.08,us,us1000gfxj,2018-11-01T17:50:55.040Z,"255km WNW of Bandon, Oregon",earthquake,8.6,2,0.108,23,reviewed,us,us
2018-08-23T06:37:19.940Z,43.6648,-127.699,10,3.1,ml,,232,2.648,0.61,us,us1000gfx4,2018-11-01T17:50:55.040Z,"273km WNW of Bandon, Oregon",earthquake,10.4,2,0.042,74,reviewed,us,us
2018-08-23T03:32:17.410Z,43.6173,-127.4157,10,3.1,ml,,252,2.445,0.78,us,us1000gfve,2018-11-01T17:50:55.040Z,"249km WNW of Bandon, Oregon",earthquake,10.4,2,0.042,74,reviewed,us,us
2018-08-22T19:31:38.910Z,43.6417,-127.4294,10,3.1,ml,,232,2.454,1.11,us,us1000gfm2,2018-11-01T17:50:55.040Z,"251km WNW of Bandon, Oregon",earthquake,10.2,2,0.047,60,reviewed,us,us
2018-08-22T14:12:34.830Z,43.6503,-127.3463,10,3.8,mb,,202,2.393,0.88,us,us1000gfd6,2018-11-01T17:50:54.040Z,"245km WNW of Bandon, Oregon",earthquake,8.8,2,0.208,6,reviewed,us,us
2018-08-22T13:20:03.450Z,43.6583,-127.5388,10,4.5,mb,,191,2.532,1.11,us,us1000gfby,2018-11-01T17:50:54.040Z,"260km WNW of Bandon, Oregon",earthquake,8,1.9,0.061,78,reviewed,us,us
2018-08-22T11:24:41.550Z,43.6538,-127.4464,10,3.2,ml,,239,2.465,0.66,us,us1000gfa6,2018-11-01T17:50:54.040Z,"253km WNW of Bandon, Oregon",earthquake,9.8,2,0.038,92,reviewed,us,us
2018-08-22T11:10:11.460Z,43.2534,-128.2502,10,3.5,ml,,247,3.096,0.58,us,us1000gf9y,2018-11-01T17:50:54.040Z,"Off the coast of Oregon",earthquake,11.2,2,0.045,66,reviewed,us,us
2018-08-22T09:31:45.530Z,43.5637,-127.7166,10,6.2,mww,,67,2.668,0.73,us,us1000gf8u,2019-08-29T15:45:28.639Z,"272km WNW of Bandon, Oregon",earthquake,7.1,1.8,0.031,97,reviewed,us,us
2018-08-14T11:05:01.050Z,43.5636,-127.3673,10,4.2,mb,,177,2.415,1.05,us,us1000g8sg,2018-10-27T16:22:03.040Z,"244km WNW of Bandon, Oregon",earthquake,4,2,0.103,26,reviewed,us,us
2018-08-08T12:40:09.500Z,43.7045,-127.8148,10,3.2,ml,,229,2.73,0.91,us,us1000g5ay,2018-10-17T18:11:54.040Z,"283km WNW of Bandon, Oregon",earthquake,4.5,2,0.043,70,reviewed,us,us
2018-08-04T14:38:15.900Z,43.847,-128.5593,10,3.2,ml,,272,3.266,0.92,us,us1000g3gl,2018-10-16T15:34:13.040Z,"Off the coast of Oregon",earthquake,5,2,0.055,44,reviewed,us,us
2018-07-29T14:51:09.510Z,44.1002,-128.6437,10,4.4,mb,,200,3.337,0.54,us,us2000ggqu,2018-10-09T16:43:29.040Z,"Off the coast of Oregon",earthquake,6,1.9,0.038,196,reviewed,us,us
2018-07-29T14:48:25.870Z,43.9197,-128.8523,10,3.8,mb,,219,3.479,0.52,us,us2000ggqs,2018-10-09T16:43:29.040Z,"Off the coast of Oregon",earthquake,9.4,1.9,0.147,12,reviewed,us,us
2018-07-29T14:41:06.940Z,44.1653,-128.4972,10,3,ml,,262,3.238,0.48,us,us2000ggqj,2018-10-09T16:43:29.040Z,"Off the coast of Oregon",earthquake,4.4,2,0.05,52,reviewed,us,us
2018-07-29T14:27:09.830Z,44.0373,-128.6396,10,3.2,ml,,276,3.33,0.47,us,us2000ggq5,2018-10-09T16:43:29.040Z,"Off the coast of Oregon",earthquake,5.3,2,0.056,42,reviewed,us,us
2018-07-29T14:10:22.630Z,44.0248,-128.7797,10,5.3,mww,,101,3.43,0.81,us,us2000ggpr,2018-10-09T16:43:29.040Z,"Off the coast of Oregon",earthquake,6.9,1.9,0.038,65,reviewed,us,us
2018-07-24T18:56:36.860Z,42.0187,-127.9909,10,3.1,ml,,292,2.807,1.39,us,us2000gcx4,2018-10-09T16:43:29.040Z,"297km W of Gold Beach, Oregon",earthquake,5.6,2,0.052,48,reviewed,us,us
2018-07-24T16:35:34.710Z,41.6185,-127.0043,10,2.9,ml,,261,2.156,0.7,us,us2000gf7k,2018-10-09T16:43:29.040Z,"231km W of Brookings, Oregon",earthquake,11.3,2,0.055,44,reviewed,us,us
2018-07-20T11:04:04.150Z,43.8606,-128.1734,10,3.9,mb,,185,2.987,1,us,us2000g9ma,2018-10-04T14:15:32.040Z,"Off the coast of Oregon",earthquake,10.1,2,0.094,30,reviewed,us,us
2018-06-10T11:05:41.460Z,40.717,-127.1391,11.24,2.9,ml,,257,2.146,0.73,us,us1000emnz,2018-08-29T16:36:38.040Z,"243km W of Ferndale, California",earthquake,9.4,9.3,0.048,56,reviewed,us,us
2018-05-30T15:41:04.360Z,40.5779,-127.3782,10,4.2,mb,,179,2.489,1.34,us,us1000eetz,2018-08-28T16:28:50.040Z,"263km W of Ferndale, California",earthquake,4.3,1.9,0.088,36,reviewed,us,us
2018-05-24T23:09:16.550Z,43.7117,-127.8257,10,4.4,mwr,,187,2.737,0.79,us,us1000ebn3,2018-08-21T21:23:49.040Z,"284km WNW of Bandon, Oregon",earthquake,7.9,1.9,0.047,43,reviewed,us,us
2018-05-14T08:44:25.750Z,40.6876,-127.0819,10,3.1,ml,,239,2.1,0.79,us,us1000e4k8,2018-08-15T19:46:49.040Z,"238km W of Ferndale, California",earthquake,5.5,2,0.048,58,reviewed,us,us
2018-05-12T17:19:27.070Z,41.4913,-127.006,8.38,3,ml,,244,2.198,0.91,us,us1000e75k,2018-08-08T15:22:16.040Z,"234km WSW of Brookings, Oregon",earthquake,4.1,9.3,0.049,54,reviewed,us,us
2018-04-21T09:50:08.320Z,44.0126,-128.5672,10,4,mb,,193,3.277,0.59,us,us1000dpt3,2018-07-17T02:05:34.040Z,"Off the coast of Oregon",earthquake,8.6,1.9,0.059,76,reviewed,us,us
2018-04-19T03:54:06.010Z,43.7543,-127.769,10,3.1,ml,,246,2.695,0.74,us,us1000dng0,2018-07-17T02:05:30.040Z,"281km WNW of Bandon, Oregon",earthquake,4.6,2,0.045,66,reviewed,us,us
2018-04-05T07:19:27.860Z,44.0792,-129.2576,10,3.7,mb,,201,3.777,0.67,us,us2000duue,2018-06-30T01:11:29.040Z,"Off the coast of Oregon",earthquake,6.7,1.9,0.13,15,reviewed,us,us
2018-03-24T15:04:02.880Z,44.4802,-128.9809,10,3.6,ml,,268,3.625,1.19,us,us1000d8lh,2018-06-19T01:35:51.040Z,"Off the coast of Oregon",earthquake,5.6,2,0.052,48,reviewed,us,us
2018-03-16T08:23:23.130Z,44.038,-128.9338,10,4,mb,,195,3.542,1.34,us,us1000d555,2018-06-11T21:53:47.040Z,"Off the coast of Oregon",earthquake,7.6,2,0.108,23,reviewed,us,us
2018-03-14T13:16:47.790Z,40.6127,-127.2648,10,3.1,ml,,274,2.234,0.65,us,us1000d5iy,2018-06-11T21:53:44.040Z,"254km W of Ferndale, California",earthquake,4.9,2,0.062,34,reviewed,us,us
2018-02-28T14:09:49.190Z,40.3881,-127.0983,10,3.1,ml,,250,2.109,0.88,us,us2000d955,2018-05-27T01:06:05.040Z,"241km W of Ferndale, California",earthquake,8.8,2,0.052,48,reviewed,us,us
2018-02-12T03:22:49.620Z,43.5292,-127.1263,10,3,ml,,231,2.144,1.08,us,us2000d0rx,2018-05-15T06:29:02.040Z,"225km WNW of Bandon, Oregon",earthquake,3.6,2,0.043,72,reviewed,us,us
2018-01-28T22:46:16.210Z,43.5517,-127.4685,10,5.5,mww,,186,2.389,0.75,us,us2000cqrl,2018-04-20T07:05:35.040Z,"252km WNW of Bandon, Oregon",earthquake,8.1,1.9,0.048,42,reviewed,us,us
2018-01-23T09:05:03.980Z,43.4138,-127.1232,10,4,mb,,184,2.111,0.86,us,us2000cmxw,2018-04-20T07:05:07.040Z,"222km W of Bandon, Oregon",earthquake,7.1,2,0.139,14,reviewed,us,us
2018-01-05T17:44:59.620Z,43.8376,-128.1149,10,3.6,mb,,202,2.921,1.12,us,us2000cl57,2018-03-23T23:16:51.040Z,"Off the coast of Oregon",earthquake,10.1,2,0.351,2,reviewed,us,us
2018-01-04T10:16:43.010Z,43.837,-128.4119,10,4.1,mb,,218,3.329,0.87,us,us2000cksv,2018-03-23T23:16:50.040Z,"Off the coast of Oregon",earthquake,5.5,2,0.144,13,reviewed,us,us
2017-12-26T09:26:01.250Z,44.4955,-127.6093,10,4.3,mb,,176,2.669,1.22,us,us2000ci7d,2018-03-17T01:54:35.040Z,"281km W of Waldport, Oregon",earthquake,7,2,0.046,134,reviewed,us,us
2017-12-26T09:25:33.310Z,44.0345,-127.688,10,3.8,mb,,200,2.645,0.99,us,us1000bwaq,2018-03-17T01:54:35.040Z,"282km WNW of Barview, Oregon",earthquake,8.5,2,0.127,16,reviewed,us,us
2017-10-28T10:41:45.920Z,43.4022,-127.3797,10,3,ml,,270,2.291,0.81,us,us1000ay0k,2018-01-17T21:50:37.040Z,"243km W of Bandon, Oregon",earthquake,10.3,2,0.05,52,reviewed,us,us
2017-10-27T06:39:51.840Z,43.9346,-127.9434,10,3.1,ml,,224,2.823,0.92,us,us1000axff,2018-01-17T21:50:35.040Z,"299km WNW of Bandon, Oregon",earthquake,4.5,2,0.06,36,reviewed,us,us
2017-10-18T01:30:10.460Z,41.1997,-127.1635,10,4.2,mb,,208,2.262,1.14,us,us1000atkm,2018-01-11T02:22:05.040Z,"253km WNW of Ferndale, California",earthquake,8,2,0.073,52,reviewed,us,us
2017-10-17T16:54:44.140Z,41.1741,-127.5145,8.45,2.8,ml,,243,2.635,0.36,us,us1000awm8,2018-01-11T02:22:05.040Z,"281km WNW of Ferndale, California",earthquake,4.6,9,0.066,30,reviewed,us,us
2017-10-17T15:22:13.910Z,41.277,-127.1684,8.48,2.8,ml,,277,2.375,0.22,us,us1000atbf,2018-01-11T02:22:04.040Z,"253km W of Crescent City, California",earthquake,12,9.6,0.056,42,reviewed,us,us
2017-10-17T15:12:40.190Z,41.226,-127.0948,9.59,2.7,ml,,291,2.221,0.42,us,us1000atbp,2018-01-11T02:22:04.040Z,"248km WSW of Crescent City, California",earthquake,9.1,9.8,0.064,32,reviewed,us,us
2017-10-17T14:58:45.970Z,41.2066,-127.44,8.71,2.9,ml,,282,2.464,0.35,us,us1000atay,2018-01-11T02:22:04.040Z,"276km WNW of Ferndale, California",earthquake,11.5,9.7,0.066,30,reviewed,us,us
2017-10-13T16:55:17.500Z,43.4755,-127.1378,10,5.3,mww,,168,2.137,1.27,us,us1000arj3,2018-01-09T02:14:58.040Z,"224km W of Bandon, Oregon",earthquake,7.6,1.9,0.05,38,reviewed,us,us
2017-10-10T07:26:17.990Z,43.535,-129.6332,10,3.5,ml,,277,3.93,1.12,us,us2000b3ev,2018-01-09T02:14:54.040Z,"Off the coast of Oregon",earthquake,14,2,0.074,24,reviewed,us,us
2017-10-10T06:38:38.700Z,44.0021,-128.457,10,3.5,ml,,244,3.208,1.07,us,us2000b3dq,2018-01-09T02:14:53.040Z,"Off the coast of Oregon",earthquake,11.3,2,0.05,52,reviewed,us,us
2017-10-10T06:10:03.990Z,44.1215,-128.422,10,3.3,ml,,246,3.225,1,us,us2000b3dd,2018-01-09T02:14:53.040Z,"Off the coast of Oregon",earthquake,4.7,2,0.052,48,reviewed,us,us
2017-09-28T14:53:33.440Z,40.3715,-127.151,12.49,2.9,ml,,257,2.15,0.67,us,us2000avxn,2017-12-22T21:56:27.040Z,"245km W of Ferndale, California",earthquake,10.7,9.9,0.056,42,reviewed,us,us
2017-09-25T19:35:43.650Z,40.3516,-127.1124,10.58,4.3,mb,,200,2.122,1.27,us,us2000aukb,2017-12-22T21:56:22.040Z,"242km W of Ferndale, California",earthquake,8.4,7.1,0.088,36,reviewed,us,us
2017-09-25T17:38:13.460Z,40.4141,-127.0822,10,3,ml,,271,2.095,0.56,us,us2000auf8,2017-12-22T21:56:21.040Z,"239km W of Ferndale, California",earthquake,9.4,2,0.06,36,reviewed,us,us
2017-09-23T03:26:04.830Z,40.3942,-127.2084,10,2.9,ml,,272,2.192,0.57,us,us2000av4m,2017-12-19T01:54:13.040Z,"250km W of Ferndale, California",earthquake,10.1,2,0.071,26,reviewed,us,us
2017-09-22T16:14:55.160Z,40.7072,-127.2508,13.58,3,ml,,266,2.23,0.65,us,us2000atfk,2017-12-19T01:54:12.040Z,"253km W of Ferndale, California",earthquake,11.2,10,0.059,38,reviewed,us,us
2017-09-10T00:46:29.150Z,44.2464,-129.358,10,3.3,ml,,244,3.862,0.83,us,us2000aj3t,2017-12-13T02:29:32.040Z,"Off the coast of Oregon",earthquake,3.9,2,0.069,28,reviewed,us,us
2017-09-10T00:42:39.420Z,44.4745,-129.0417,10,3.3,ml,,256,3.667,0.56,us,us2000aj3m,2017-12-13T02:29:32.040Z,"Off the coast of Oregon",earthquake,11.7,2,0.053,46,reviewed,us,us
2017-09-09T23:34:50.270Z,44.3952,-129.0754,10,3.3,ml,,260,3.679,1.16,us,us2000aj36,2017-12-07T20:00:28.040Z,"Off the coast of Oregon",earthquake,10.9,2,0.062,34,reviewed,us,us
2017-09-05T09:51:59.340Z,43.613,-127.4817,10,4.3,mb,,183,2.416,1.26,us,us2000ag0i,2017-12-07T20:00:13.040Z,"255km WNW of Bandon, Oregon",earthquake,7,2,0.059,81,reviewed,us,us
2017-08-27T22:32:35.230Z,43.7866,-127.97,10,4.7,mb,,96,2.805,0.56,us,us2000acc0,2017-11-28T18:33:50.040Z,"297km WNW of Bandon, Oregon",earthquake,8.1,1.9,0.039,206,reviewed,us,us
2017-08-14T12:01:09.290Z,43.5318,-128.8991,10,3.3,ml,,290,3.527,0.51,us,us2000a80s,2017-11-14T01:42:07.040Z,"Off the coast of Oregon",earthquake,13.2,2,0.074,24,reviewed,us,us
2017-08-10T14:09:44.710Z,44.174,-129.0348,10,3,ml,,249,3.624,1.15,us,us2000a6wq,2017-10-25T00:38:07.040Z,"Off the coast of Oregon",earthquake,11.3,2,0.06,36,reviewed,us,us
2017-07-14T13:46:26.030Z,43.7892,-128.0449,10,3,ml,,234,2.894,1.07,us,us20009wbb,2017-10-06T23:56:18.040Z,"Off the coast of Oregon",earthquake,12,2,0.062,34,reviewed,us,us
2017-07-12T03:41:14.300Z,44.0559,-129.1744,10,4.1,mb,,194,3.716,0.96,us,us1000990k,2017-10-06T23:56:15.040Z,"Off the coast of Oregon",earthquake,3.9,2,0.078,45,reviewed,us,us
2017-06-04T16:21:06.980Z,43.384,-127.1077,10,3.1,ml,,247,2.093,0.6,us,us20009kml,2017-08-16T02:42:16.040Z,"221km W of Bandon, Oregon",earthquake,4.3,2,0.046,62,reviewed,us,us
2017-05-13T20:10:31.640Z,44.3899,-129.6483,10,4.4,mb,,188,4.085,0.76,us,us10008s8g,2017-08-01T23:02:33.040Z,"Off the coast of Oregon",earthquake,8.4,1.9,0.062,75,reviewed,us,us
2017-05-04T14:27:34.590Z,43.4219,-127.0213,10,4.2,mb,,94,2.041,1.24,us,us10008paf,2017-07-29T03:16:20.040Z,"214km W of Bandon, Oregon",earthquake,5.9,1.8,0.102,27,reviewed,us,us
2017-04-16T14:25:07.930Z,40.2855,-127.2421667,4.62,3.33,ml,40,320,2.227,0.41,nc,nc72789561,2017-04-21T10:34:02.368Z,"254km W of Ferndale, California",earthquake,22.13,31.61,0.163,7,reviewed,nc,nc
2017-03-12T22:31:59.450Z,40.6425,-127.2122,12.61,3.3,ml,,262,2.196,0.89,us,us100088ke,2017-06-07T00:33:37.040Z,"249km W of Ferndale, California",earthquake,10.5,9.8,0.06,36,reviewed,us,us
2017-02-24T06:35:56.040Z,43.4574,-127.1669,10,3.3,ml,,239,2.283,0.81,us,us20008lyk,2017-05-17T01:19:38.040Z,"226km W of Bandon, Oregon",earthquake,7.7,2,0.048,56,reviewed,us,us
2017-01-18T08:00:30.880Z,43.9071,-128.5186,10,3.8,ml,,240,3.238,0.66,us,us20008fxz,2017-04-12T02:29:00.040Z,"Off the coast of Oregon",earthquake,10.3,2,0.071,26,reviewed,us,us
2017-01-15T07:53:22.230Z,44.3245,-129.425,10,3.3,ml,,273,3.918,0.49,us,us10007tcq,2017-04-12T02:28:56.040Z,"Off the coast of Oregon",earthquake,11.1,2,0.066,30,reviewed,us,us
2017-01-13T00:27:00.940Z,43.3766,-127.3478,10,3,ml,,268,2.426,0.64,us,us10007t5f,2017-04-01T00:26:11.040Z,"240km W of Bandon, Oregon",earthquake,11.9,2,0.062,34,reviewed,us,us
2017-01-06T12:09:33.300Z,43.968,-129.1571,10,4.2,mb,,175,3.68,1,us,us10007rmv,2017-03-27T23:53:24.040Z,"Off the coast of Oregon",earthquake,3.6,2,0.092,33,reviewed,us,us
2017-01-05T19:19:29.430Z,43.9457,-129.1934,10,3.3,ml,,272,3.699,0.74,us,us10007v0m,2017-03-27T23:53:24.040Z,"Off the coast of Oregon",earthquake,11,2,0.064,32,reviewed,us,us
2016-12-27T15:51:46.550Z,44.0166,-128.9249,10,4.3,mb,,161,3.533,0.81,us,us10007n1u,2017-03-23T22:52:05.040Z,"Off the coast of Oregon",earthquake,9.7,1.9,0.095,31,reviewed,us,us
2016-12-27T09:52:36.970Z,44.0873,-128.6385,10,4.1,mb,,188,3.333,1.08,us,us10007mzw,2017-03-23T22:52:04.040Z,"Off the coast of Oregon",earthquake,9.3,2,0.09,34,reviewed,us,us
2016-12-23T11:14:21.480Z,43.5602,-127.22,10,4.3,mb,,189,2.218,1.47,us,us10007m7m,2017-03-23T22:51:59.040Z,"233km WNW of Bandon, Oregon",earthquake,8,2,0.061,77,reviewed,us,us
2016-12-22T03:42:49.840Z,41.0506,-127.1677,9.18,3.1,ml,,232,2.31,0.55,us,us10007nuh,2017-03-16T02:31:33.040Z,"250km WNW of Ferndale, California",earthquake,4.5,8.9,0.062,34,reviewed,us,us
2016-11-28T04:34:44.900Z,43.3669,-127.0223,29.85,5.5,mww,,179,2.029,0.89,us,us10007cvf,2017-02-23T00:11:51.040Z,"214km W of Bandon, Oregon",earthquake,6.9,4.3,,,reviewed,us,us
2016-11-16T07:21:05.740Z,40.6401,-127.1228,9.54,3.2,md,,263,2.128,0.97,us,us100079t0,2017-02-11T07:23:47.020Z,"242km W of Ferndale, California",earthquake,10.7,8.3,0.19,27,reviewed,us,nc
2016-11-16T05:06:53.610Z,40.7005,-127.1354,12.59,3.2,ml,,266,2.142,0.66,us,us100078nr,2017-02-11T07:23:36.455Z,"243km W of Ferndale, California",earthquake,11.2,10.1,0.066,30,reviewed,us,us
2016-10-09T19:08:47.600Z,44.2778,-129.3622,10,5,mww,,166,3.868,0.92,us,us20007cz9,2017-01-07T00:20:48.040Z,"Off the coast of Oregon",earthquake,8.3,1.9,,,reviewed,us,us
2016-10-09T18:51:58.870Z,44.3096,-129.1914,10,4.1,mb,,196,3.75,0.87,us,us20007cyw,2017-01-07T00:20:48.040Z,"Off the coast of Oregon",earthquake,9.2,2,0.093,32,reviewed,us,us
2016-10-09T14:18:45.260Z,44.8407,-127.953,10,4.5,mb,,98,2.975,1.04,us,us10007rbi,2017-01-07T00:20:47.040Z,"Off the coast of Oregon",earthquake,9.6,1.9,0.118,26,reviewed,us,us
2016-10-09T11:18:26.570Z,44.339,-128.9446,10,3.4,ml,,264,3.578,1.05,us,us20007cx9,2017-01-07T00:20:47.040Z,"Off the coast of Oregon",earthquake,13.3,2,0.062,34,reviewed,us,us
2016-08-22T05:58:28.740Z,43.9174,-128.8754,10,3.2,ml,,252,3.47,0.83,us,us20006u8m,2016-11-19T04:58:34.040Z,"Off the coast of Oregon",earthquake,6.6,2,0.059,38,reviewed,us,us
2016-08-20T08:33:20.380Z,43.9078,-127.4593,10,3.2,ml,,241,2.472,1.27,us,us10006fdl,2016-11-19T04:58:32.040Z,"261km WNW of Bandon, Oregon",earthquake,10.5,2,0.05,52,reviewed,us,us
2016-08-20T02:47:09.190Z,43.8136,-127.5987,10,3.2,ml,,250,2.56,1.36,us,us10006fc9,2016-11-19T04:58:32.040Z,"269km WNW of Bandon, Oregon",earthquake,11.5,2,0.051,50,reviewed,us,us
2016-08-11T23:28:52.120Z,41.6399,-127.0412,9.48,3,ml,,245,2.177,0.76,us,us10006d4x,2016-10-26T03:10:26.040Z,"233km W of Brookings, Oregon",earthquake,10.4,9.1,0.049,54,reviewed,us,us
2016-08-10T02:21:34.110Z,43.8623,-129.4009,10,3.3,ml,,278,3.824,1.46,us,us10006dc2,2016-10-26T03:10:24.040Z,"Off the coast of Oregon",earthquake,13.6,2,0.057,40,reviewed,us,us
2016-08-06T23:51:33.480Z,44.3421,-129.4701,10,3.9,mb,,201,3.952,0.86,us,us10006bwe,2016-10-26T03:10:21.040Z,"Off the coast of Oregon",earthquake,11.1,2,0.148,12,reviewed,us,us
2016-07-27T08:10:09.040Z,43.9147,-128.8695,10,3.3,ml,,257,3.465,0.94,us,us100069gf,2016-09-24T22:47:21.040Z,"Off the coast of Oregon",earthquake,13,2,0.056,42,reviewed,us,us
2016-07-05T23:39:17.400Z,44.1711,-128.9045,10,4.3,mb,,167,3.53,1.3,us,us1000614m,2016-09-02T21:36:39.040Z,"Off the coast of Oregon",earthquake,9,1.9,0.046,132,reviewed,us,us
2016-06-12T18:47:04.130Z,43.5282,-127.3825,10,4.6,mb,,180,2.323,1.06,us,us200063z1,2016-08-25T01:22:53.040Z,"245km WNW of Bandon, Oregon",earthquake,8.4,2,0.078,49,reviewed,us,us
2016-05-27T01:07:10.240Z,43.5309,-128.4407,10,3.2,ml,,294,3.073,0.89,us,us20005yc5,2016-08-10T22:30:22.040Z,"Off the coast of Oregon",earthquake,14.2,2,0.059,38,reviewed,us,us
2016-05-21T08:41:10.320Z,40.3713,-127.5636,10,3.4,ml,,270,2.598,1.26,us,us10005j45,2016-08-03T22:33:40.040Z,"280km W of Ferndale, California",earthquake,11.7,2,0.06,36,reviewed,us,us
2016-05-20T07:01:05.090Z,43.7904,-128.4588,10,5,mww,,170,3.146,1.28,us,us10005ir2,2016-08-03T22:33:38.040Z,"Off the coast of Oregon",earthquake,7.7,1.9,,,reviewed,us,us
2016-05-12T20:30:46.690Z,42.4276,-127.2403,10,2.7,ml,,279,2.189,0.74,us,us10005gwx,2016-07-20T18:10:55.040Z,"227km W of Port Orford, Oregon",earthquake,10.3,2,0.062,34,reviewed,us,us
2016-04-11T19:12:41.190Z,43.6516,-127.5786,10,3.7,mb,,197,2.561,1.13,us,us20005h1p,2016-06-21T01:14:08.040Z,"263km WNW of Bandon, Oregon",earthquake,8.1,2,0.178,8,reviewed,us,us
2016-04-05T12:47:12.700Z,44.4254,-129.6357,10,3.6,ml,,238,4.08,0.67,us,us20005hhd,2016-06-17T21:45:36.040Z,"Off the coast of Oregon",earthquake,4.8,2,0.06,37,reviewed,us,us
2016-04-04T00:54:36.730Z,43.9643,-128.4627,10,4.3,mb,,138,3.199,1.15,us,us20005ee0,2016-06-17T21:45:22.040Z,"Off the coast of Oregon",earthquake,7.6,1.8,0.039,189,reviewed,us,us
2016-03-31T04:52:48.560Z,41.1825,-127.2883,9.01,2.8,ml,,251,2.464,0.63,us,us20005fv3,2016-06-10T23:32:58.040Z,"263km WNW of Ferndale, California",earthquake,12.8,9.1,0.069,28,reviewed,us,us
2016-03-31T04:49:30.700Z,41.1202,-127.175,8.23,2.9,ml,,257,2.38,0.73,us,us20005dld,2016-06-10T23:32:58.040Z,"252km WNW of Ferndale, California",earthquake,13.1,9.2,0.059,38,reviewed,us,us
2016-03-31T04:23:40.340Z,41.1377,-127.1573,10.18,2.8,ml,,224,2.366,0.83,us,us20005dl9,2016-06-10T23:32:58.040Z,"251km WNW of Ferndale, California",earthquake,11.8,8.3,0.06,36,reviewed,us,us
2016-03-30T19:47:45.150Z,40.9986,-127.1611,10,4.6,mb,,175,2.377,1.24,us,us20005dh8,2017-02-10T06:28:36.260Z,"248km WNW of Ferndale, California",earthquake,5,1.9,0.057,92,reviewed,us,us
2016-03-20T18:15:08.030Z,43.9847,-128.6507,10,3.4,ml,,235,3.335,0.67,us,us20005b9f,2016-06-09T21:41:53.040Z,"Off the coast of Oregon",earthquake,8.8,2,0.053,46,reviewed,us,us
2016-03-03T09:34:31.990Z,44.0172,-128.2925,10,3.8,mb,,207,3.079,0.8,us,us10004uae,2016-05-06T23:34:25.040Z,"Off the coast of Oregon",earthquake,11.1,2,0.295,4,reviewed,us,us
2016-02-12T05:49:40.980Z,43.2545,-127.0169,10,3.1,ml,,265,2.002,0.67,us,us200050lm,2016-04-26T23:28:17.040Z,"212km W of Bandon, Oregon",earthquake,11.6,2,0.055,44,reviewed,us,us
2016-02-10T08:41:57.570Z,41.0922,-127.2914,8.17,3.4,ml,,179,2.469,0.93,us,us20004z8u,2016-04-19T01:33:28.040Z,"261km WNW of Ferndale, California",earthquake,9.1,5.8,0.049,54,reviewed,us,us
2016-01-30T03:42:23.980Z,43.4443,-127.2908,10,4.6,mb,,179,2.237,0.68,us,us20004wvh,2016-04-14T22:51:35.040Z,"236km W of Bandon, Oregon",earthquake,7.7,1.9,0.173,10,reviewed,us,us
2016-01-30T00:30:52.570Z,41.0363,-127.3842,10,5,mww,,106,2.542,0.89,us,us20004vq9,2017-02-09T21:26:43.960Z,"268km WNW of Ferndale, California",earthquake,7.2,1.9,,,reviewed,us,us
2016-01-30T00:28:41.960Z,40.9167,-127.2074,10,5.1,mww,,73,2.354,1.13,us,us20004vq3,2017-02-09T21:26:29.410Z,"251km W of Ferndale, California",earthquake,6.3,1.8,,,reviewed,us,us
2016-01-29T14:38:25.220Z,40.9316,-127.1335,12.92,3.2,ml,,282,2.348,0.7,us,us20004wuz,2016-04-14T22:51:33.040Z,"245km W of Ferndale, California",earthquake,11.7,10.4,0.055,44,reviewed,us,us
2016-01-29T14:06:40.890Z,40.9241,-127.2332,15.32,3.4,ml,,266,2.42,1.01,us,us20004via,2017-02-09T21:23:06.963Z,"253km W of Ferndale, California",earthquake,9.7,9.8,0.05,52,reviewed,us,us
2016-01-29T10:21:31.000Z,40.8348,-127.2047,10,4.1,mb,,106,2.383,1.19,us,us20004vhd,2017-02-09T21:21:54.409Z,"250km W of Ferndale, California",earthquake,5.9,1.9,0.131,16,reviewed,us,us
2016-01-29T10:08:59.830Z,41.0179,-127.4591,10,3.2,ml,,271,2.6,0.81,us,us20004wuv,2016-04-14T22:51:33.040Z,"274km WNW of Ferndale, California",earthquake,13.3,2,0.064,32,reviewed,us,us
2016-01-29T10:05:42.090Z,40.9027,-127.2796,10,3.2,ml,,211,2.451,1.11,us,us20004wua,2016-04-14T22:51:33.040Z,"257km W of Ferndale, California",earthquake,4.6,2,0.057,40,reviewed,us,us
2016-01-29T09:35:09.960Z,40.7634,-127.3127,10,4.1,mb,,194,2.455,1,us,us20004vh5,2017-02-09T21:21:14.366Z,"258km W of Ferndale, California",earthquake,9.1,2,0.144,13,reviewed,us,us
2016-01-28T09:22:14.400Z,40.8285,-127.194,10,4.3,mb,,180,2.374,1.47,us,us20004v9m,2017-02-09T21:14:35.960Z,"249km W of Ferndale, California",earthquake,5.1,1.9,0.134,16,reviewed,us,us
2016-01-06T17:07:45.720Z,44.0082,-128.9254,10,3.5,mb,,223,3.531,1.13,us,us10004c5a,2016-03-28T22:09:41.040Z,"Off the coast of Oregon",earthquake,11.4,2,0.35,2,reviewed,us,us
2015-12-25T12:01:25.970Z,43.8449,-128.4831,10,3.6,mb,,210,3.211,1.14,us,us10004b9u,2016-03-18T01:13:00.040Z,"Off the coast of Oregon",earthquake,4.8,2,0.189,7,reviewed,us,us
2015-12-25T08:54:02.760Z,44.0248,-128.4525,10,4.2,mb,,197,3.558,1.09,us,us10004b9n,2016-03-18T01:13:00.040Z,"Off the coast of Oregon",earthquake,6.1,1.9,0.118,20,reviewed,us,us
2015-11-26T07:36:00.360Z,43.7073,-127.6418,10,4.3,mb,,187,2.555,1.01,us,us100041hl,2016-02-25T22:32:55.040Z,"269km WNW of Bandon, Oregon",earthquake,8,2,0.123,19,reviewed,us,us
2015-10-15T01:15:12.710Z,40.6453,-127.2007,11.91,3.1,md,,267,2.354,0.83,us,us10003pam,2017-02-08T13:21:54.633Z,"248km W of Ferndale, California",earthquake,9.5,9.5,0.137,16,reviewed,us,nc
2015-10-07T00:29:32.100Z,44.6175,-128.8087,10,3.9,mb,,219,3.531,1.1,us,us10003kub,2016-01-04T22:29:25.040Z,"Off the coast of Oregon",earthquake,11,2,0.182,8,reviewed,us,us
2015-09-09T21:47:58.740Z,43.3793,-127.9734,16.29,3.1,ml,,276,2.711,0.66,us,us20003hn8,2015-12-05T01:40:39.040Z,"290km W of Bandon, Oregon",earthquake,12.7,8.5,0.074,24,reviewed,us,us
2015-08-22T12:33:54.560Z,40.6404,-127.2633,14.55,4.4,mb,,205,2.4,0.96,us,us10003472,2017-02-08T08:42:44.602Z,"253km W of Ferndale, California",earthquake,9.3,7.8,0.148,13,reviewed,us,us
2015-08-14T06:41:31.900Z,41.2821,-127.1043,10,4.4,mb,,207,2.345,1.04,us,us10003271,2017-02-08T07:41:12.715Z,"247km WSW of Crescent City, California",earthquake,8.7,1.9,0.112,23,reviewed,us,us
2015-08-13T18:48:48.950Z,41.2922,-127.3103,10,4.5,mb,,174,2.484,1.37,us,us1000321k,2015-11-17T00:13:26.040Z,"264km W of Crescent City, California",earthquake,8.2,1.3,0.063,73,reviewed,us,us
2015-07-26T18:22:01.130Z,44.0096,-128.3876,10,3.9,mb,,218,3.163,0.69,us,us1000328r,2015-10-22T20:05:01.040Z,"Off the coast of Oregon",earthquake,10.4,2,0.512,1,reviewed,us,us
2015-07-19T18:46:17.920Z,44.5594,-128.8542,10,3.8,mb,,198,3.965,1.01,us,us20002yje,2015-10-14T21:05:45.040Z,"Off the coast of Oregon",earthquake,5.1,2,0.123,17,reviewed,us,us
2015-07-09T17:53:04.800Z,43.4123,-127.2241,10,2.7,ml,,252,2.182,0.83,us,us20002wcp,2015-10-09T20:19:09.040Z,"230km W of Bandon, Oregon",earthquake,10.7,2,0.066,30,reviewed,us,us
2015-06-28T17:04:21.130Z,44.0575,-128.0285,10,3,ml,,180,2.938,1.25,us,us10002m7w,2015-09-02T22:37:23.040Z,"Off the coast of Oregon",earthquake,7.3,1.9,0.077,22,reviewed,us,us
2015-06-28T10:04:38.560Z,43.9719,-128.0426,16.31,4.2,mb,,191,3.457,0.73,us,us20002x7t,2015-09-02T22:37:22.040Z,"Off the coast of Oregon",earthquake,10.3,7.5,0.11,23,reviewed,us,us
2015-06-28T10:01:10.830Z,43.8182,-128.258,10,3.2,ml,,210,3.014,0.75,us,us10002m6x,2015-09-02T22:37:22.040Z,"Off the coast of Oregon",earthquake,9.6,2,0.077,22,reviewed,us,us
2015-06-27T09:54:47.130Z,43.8112,-128.3514,10,3.2,ml,,211,3.077,1.01,us,us20002wsy,2015-09-02T22:37:21.040Z,"Off the coast of Oregon",earthquake,10.1,2,0.077,22,reviewed,us,us
2015-06-27T09:48:47.240Z,44.0261,-128.2626,10,3,ml,,204,3.084,0.79,us,us20002wt3,2015-09-02T22:37:21.040Z,"Off the coast of Oregon",earthquake,6.1,2,0.101,13,reviewed,us,us
2015-06-27T08:56:42.480Z,43.7969,-128.4087,10,3.1,ml,,217,3.112,0.9,us,us20002wsx,2015-09-02T22:37:21.040Z,"Off the coast of Oregon",earthquake,12,2,0.091,16,reviewed,us,us
2015-06-27T07:37:49.680Z,43.8339,-128.1439,10,3.1,ml,,200,2.94,0.81,us,us10002m1y,2015-09-02T22:37:21.040Z,"Off the coast of Oregon",earthquake,7.1,1.9,0.077,22,reviewed,us,us
2015-06-03T13:25:30.540Z,44.5162,-129.8376,10,4,mb,,203,4.315,0.58,us,us20002lm4,2015-08-08T00:50:15.040Z,"Off the coast of Oregon",earthquake,4.7,2,0.149,12,reviewed,us,us
2015-06-03T13:21:43.550Z,44.4836,-129.7393,10,3.1,ml,,288,4.238,0.66,us,us20002lm3,2015-08-08T00:50:15.040Z,"Off the coast of Oregon",earthquake,6.4,2,0.115,10,reviewed,us,us
2015-06-02T03:14:03.110Z,44.1858,-131.1226,10,3.8,mb,,213,5.107,0.58,us,us20002l5t,2015-08-08T00:49:55.040Z,"Off the coast of Oregon",earthquake,14.2,2,0.292,3,reviewed,us,us
2015-06-02T03:11:24.070Z,44.7791,-129.8706,10,4.2,mb,,192,4.436,0.76,us,us20002l5r,2015-08-08T00:49:55.040Z,"Off the coast of Oregon",earthquake,10.1,1.9,0.065,65,reviewed,us,us
2015-06-02T02:50:45.190Z,44.4553,-130.1501,10,3.9,mb,,203,4.506,0.47,us,us20002l5g,2015-08-08T00:49:55.040Z,"Off the coast of Oregon",earthquake,11.3,2,0.132,15,reviewed,us,us
2015-06-02T02:20:46.040Z,44.5566,-130.1262,10,3.6,mb,,272,4.523,0.45,us,us20002l5d,2015-08-08T00:49:54.040Z,"Off the coast of Oregon",earthquake,12.2,2,0.353,2,reviewed,us,us
2015-06-01T20:11:30.610Z,44.4971,-129.9582,10,5.9,mww,,104,4.39,0.86,us,us20002l3n,2016-12-09T05:47:16.339Z,"Off the coast of Oregon",earthquake,8.1,1.8,,,reviewed,us,us
2015-06-01T14:46:34.680Z,44.4861,-129.827,10,4.4,mb,,190,4.298,0.79,us,us20002l1f,2015-08-08T00:49:46.040Z,"Off the coast of Oregon",earthquake,9.4,1.9,0.07,58,reviewed,us,us
2015-06-01T10:46:27.260Z,44.5389,-129.6521,10,5.4,mww,,169,4.2,1.42,us,us20002l01,2016-11-10T21:47:48.757Z,"Off the coast of Oregon",earthquake,8.6,1.9,,,reviewed,us,us
2015-06-01T10:20:23.430Z,44.4954,-129.7375,10,4.1,mb,,205,4.599,1.2,us,us20002kzx,2015-08-08T00:49:42.040Z,"Off the coast of Oregon",earthquake,9.5,2,0.14,14,reviewed,us,us
2015-06-01T10:13:45.700Z,44.4799,-129.8273,10,4,mb,,206,4.296,1.01,us,us20002kzn,2015-08-08T00:49:42.040Z,"Off the coast of Oregon",earthquake,10.7,2,0.212,6,reviewed,us,us
2015-06-01T07:19:40.350Z,44.3151,-129.8029,10,4.2,mb,,197,4.225,1.16,us,us20002w92,2015-08-08T00:49:40.040Z,"Off the coast of Oregon",earthquake,10.4,2,0.128,17,reviewed,us,us
2015-06-01T07:19:22.050Z,44.3837,-129.516,10,3.9,mb,,197,4.053,0.95,us,us20002pbf,2015-08-08T00:49:40.040Z,"Off the coast of Oregon",earthquake,10.3,2,0.132,15,reviewed,us,us
2015-06-01T07:01:21.050Z,44.5147,-129.7408,10,4.3,mb,,197,4.25,0.9,us,us20002kxd,2015-08-08T00:49:39.040Z,"Off the coast of Oregon",earthquake,10.3,2,0.082,42,reviewed,us,us
2015-06-01T06:57:07.620Z,44.5262,-129.7728,10,4.2,ml,,202,4.275,1.19,us,us20002pbg,2015-08-08T00:49:39.040Z,"Off the coast of Oregon",earthquake,12.7,2,0.105,12,reviewed,us,us
2015-06-01T06:56:18.100Z,44.3346,-129.4604,10,4.1,ml,,266,3.999,1.2,us,us20002pbh,2015-08-08T00:49:39.040Z,"Off the coast of Oregon",earthquake,5.3,2,0.097,14,reviewed,us,us
2015-06-01T06:54:10.800Z,44.1977,-129.8272,10,5.2,mb,,167,4.207,1.46,us,us20002pax,2015-08-08T00:49:39.040Z,"Off the coast of Oregon",earthquake,8.9,1.9,0.093,38,reviewed,us,us
2015-06-01T06:52:41.340Z,44.4584,-129.8114,10,5.8,mww,,63,4.278,0.91,us,us20002kxa,2016-11-10T21:47:48.217Z,"Off the coast of Oregon",earthquake,8,1.8,,,reviewed,us,us
2015-05-22T07:40:46.120Z,43.4784,-127.1432,10,4.1,mb,,177,2.142,0.78,us,us10002bbm,2015-07-29T01:35:32.040Z,"225km W of Bandon, Oregon",earthquake,8.3,1.9,0.078,45,reviewed,us,us
2015-05-17T10:26:47.450Z,43.8672,-127.838,10,3,ml,,250,2.741,0.8,us,us100029yd,2015-07-23T01:04:05.040Z,"289km WNW of Bandon, Oregon",earthquake,7.4,2,0.064,32,reviewed,us,us
2015-05-16T09:11:57.930Z,43.5525,-127.4226,10,3.4,ml,,158,2.357,0.75,us,us100029r3,2015-07-23T01:04:02.040Z,"249km WNW of Bandon, Oregon",earthquake,7.1,1.9,0.064,32,reviewed,us,us
2015-05-03T15:29:13.520Z,40.5337,-127.2254,11.24,3.3,ml,,198,2.447,1.04,us,us20002azy,2017-02-07T17:59:49.318Z,"250km W of Ferndale, California",earthquake,10.7,4.8,,,reviewed,us,nc
2015-04-24T02:14:14.450Z,40.3373,-127.178,18,3,ml,,325,2.212,0.89,us,us200028q7,2017-02-07T16:21:01.200Z,"248km W of Ferndale, California",earthquake,12,2,0.161,6,reviewed,nc,nc
2015-04-24T01:34:55.550Z,40.4556,-127.1509,10,5.4,mww,,50,2.29,1.26,us,us200028pe,2017-02-07T16:20:26.290Z,"245km W of Ferndale, California",earthquake,7,1.8,,,reviewed,us,us
2015-04-11T05:44:48.740Z,43.3904,-127.0443,10,4.2,mwr,,182,2.05,1.09,us,us200025te,2015-06-22T23:18:56.040Z,"216km W of Bandon, Oregon",earthquake,7.7,2,0.057,30,reviewed,us,us
2015-04-04T03:26:08.260Z,44.6186,-129.4721,10,3.9,mb,,286,4.111,0.75,us,us10001tu9,2015-06-16T01:00:26.040Z,"Off the coast of Oregon",earthquake,6.9,2,0.163,10,reviewed,us,us
2015-04-02T19:07:30.110Z,44.0919,-130.4487,10,3.6,ml,,293,4.613,0.89,us,us10001tb6,2015-06-16T01:00:24.040Z,"Off the coast of Oregon",earthquake,14.4,2,0.181,4,reviewed,us,us
2015-04-02T17:53:01.300Z,44.0112,-129.3633,10,4,mb,,255,3.835,0.8,us,us200025mb,2015-06-16T01:00:23.040Z,"Off the coast of Oregon",earthquake,12.1,2,0.366,2,reviewed,us,us
2015-03-23T20:12:55.690Z,43.9106,-127.4355,10,3.2,ml,,262,2.487,0.77,us,us10001pzc,2015-06-09T21:30:03.040Z,"259km WNW of Barview, Oregon",earthquake,9.7,2,0.074,26,reviewed,us,us
2015-03-22T03:54:54.850Z,40.4403333,-127.137,4.176,3.31,md,9,342,2.18,0.14,nc,nc72415455,2017-02-07T11:28:23.469Z,"243km W of Ferndale, California",earthquake,11.04,8.42,0.218,24,reviewed,nc,nc
2015-03-13T23:42:13.200Z,43.7637,-128.1371,10,4.1,mb,,196,2.914,0.94,us,us10001m9l,2015-06-04T00:46:19.040Z,"Off the coast of Oregon",earthquake,10.3,2,0.213,6,reviewed,us,us
2015-03-04T13:51:38.380Z,40.6706,-127.0117,11.67,3,md,,260,2.27,0.84,us,usc000tuxi,2017-02-07T08:52:54.581Z,"232km W of Ferndale, California",earthquake,9.3,9.8,0.113,13,reviewed,us,nc
2014-12-20T23:10:18.880Z,44.096,-128.5294,10,4.2,mb,,211,3.78,0.84,us,usc000tcrm,2015-03-06T02:59:06.040Z,"Off the coast of Oregon",earthquake,11.2,2,0.166,10,reviewed,us,us
2014-12-19T01:53:05.680Z,41.2438,-127.3495,7.79,3.8,mb,,195,2.53,1.35,us,usc000tcs7,2015-03-06T02:59:02.040Z,"268km W of Crescent City, California",earthquake,10.9,6.4,0.359,3,reviewed,us,us
2014-12-19T01:42:30.370Z,41.0051,-127.3106,10,4.6,mwr,,208,2.493,0.92,us,usc000t84b,2017-02-05T10:14:15.349Z,"261km WNW of Ferndale, California",earthquake,8.9,2,0.089,12,reviewed,us,us
2014-12-16T02:13:35.220Z,43.9406,-128.9238,10,3.6,ml,,272,4.087,0.44,us,usc000tclh,2015-03-04T21:55:06.040Z,"Off the coast of Oregon",earthquake,12.2,2,0.091,18,reviewed,us,us
2014-11-23T12:50:48.030Z,43.8645,-128.4685,10,4.9,mb,,168,3.173,1.2,us,usb000szac,2015-02-18T03:30:55.040Z,"Off the coast of Oregon",earthquake,8.2,1.9,0.052,125,reviewed,us,us
2014-11-23T12:32:10.670Z,43.7536,-128.4602,10,3.3,ml,,297,3.137,0.77,us,usc000t42a,2015-02-18T03:30:55.040Z,"Off the coast of Oregon",earthquake,7.4,2,0.128,10,reviewed,us,us
2014-11-23T11:01:25.120Z,43.8195,-128.5466,10,5.2,mww,,62,3.215,1.02,us,usb000sz9m,2015-02-18T03:30:55.040Z,"Off the coast of Oregon",earthquake,6.5,1.8,,,reviewed,us,us
2014-11-23T10:51:38.790Z,43.9011,-128.3407,10,3.4,ml,,272,3.096,1.29,us,usc000t42g,2015-02-18T03:30:55.040Z,"Off the coast of Oregon",earthquake,11,2,0.091,18,reviewed,us,us
2014-11-23T03:35:45.500Z,43.8513,-128.2968,10,4.2,mb,,181,3.05,1.14,us,usb000sz6t,2015-02-18T03:30:54.040Z,"Off the coast of Oregon",earthquake,10.2,2,0.098,45,reviewed,us,us
2014-11-23T03:25:20.710Z,43.906,-128.1006,10,3.7,mb,,196,3.975,0.89,us,usc000t42j,2015-02-18T03:30:54.040Z,"Off the coast of Oregon",earthquake,11.9,2,0.503,7,reviewed,us,us
2014-11-17T18:32:07.540Z,41.2138,-127.544,10,3.2,md,,305,2.676,0.55,us,usb000t0hw,2017-02-05T04:59:36.985Z,"285km W of Crescent City, California",earthquake,5.5,2,0.118,23,reviewed,us,nc
2014-11-12T20:14:05.970Z,44.0327,-128.9582,10,4.3,mb,,185,3.561,1.02,us,usc000swpr,2015-02-12T01:42:37.040Z,"Off the coast of Oregon",earthquake,8.1,1.7,0.061,78,reviewed,us,us
2014-11-09T12:24:13.810Z,44.5339,-129.648,10,4.4,mb,,204,4.195,1.35,us,usc000svu3,2015-01-31T02:50:13.040Z,"Off the coast of Oregon",earthquake,10.2,2,0.269,5,reviewed,us,us
2014-11-06T19:32:20.690Z,42.259,-127.0427,10,3,ml,,221,2.092,0.8,us,usc000sv4b,2016-07-22T19:40:53.360Z,"216km W of Gold Beach, Oregon",earthquake,10.4,2,0.062,36,reviewed,us,us
2014-11-03T05:54:11.560Z,44.1116,-129.001,10,4.1,mb,,203,3.614,1.2,us,usc000stl2,2015-01-20T09:03:13.040Z,"Off the coast of Oregon",earthquake,8.7,2,0.123,18,reviewed,us,us
2014-09-29T02:58:54.030Z,43.558,-127.5114,10,3.3,ml,,213,2.421,1.35,us,usb000sgyc,2014-12-20T00:54:02.040Z,"256km WNW of Bandon, Oregon",earthquake,6.6,1.9,0.06,38,reviewed,us,us
2014-09-15T07:31:00.620Z,40.3881667,-127.0768333,4.592,2.79,ml,16,325,2.091,0.31,nc,nc72299266,2017-02-04T14:55:12.480Z,"239km W of Ferndale, California",earthquake,17.49,14.9,0.156,6,reviewed,nc,nc
2014-09-02T06:50:32.340Z,44.2079,-129.1226,10,3,ml,,214,4.186,1.16,us,usc000s8vu,2014-11-29T00:09:25.000Z,"Off the coast of Oregon",earthquake,12,2,0.097,14,reviewed,us,us
2014-09-01T16:46:04.000Z,44.263,-129.536,10,3.6,mb,,,,0.73,us,usb000sjam,2014-11-29T00:09:24.000Z,"Off the coast of Oregon",earthquake,15.1,7.3,0.158,12,reviewed,pgc,us
2014-06-20T03:09:06.430Z,44.1823,-128.8233,10,4.1,mb,,104,3.976,0.95,us,usc000rij8,2014-09-19T17:22:50.000Z,"Off the coast of Oregon",earthquake,,1.9,0.092,39,reviewed,us,us
2014-06-19T18:53:37.080Z,44.1724,-129.3879,10,3.8,mb,,264,4.38,1.01,us,usb000rh2u,2014-09-19T17:22:00.000Z,"Off the coast of Oregon",earthquake,,2,0.1,27,reviewed,us,us
2014-06-15T09:21:55.910Z,41.7197,-127.0215,10,3.2,md,,322,2.343,1.21,us,usc000rmju,2017-02-04T00:33:35.062Z,"228km WSW of Gold Beach, Oregon",earthquake,,2,0.156,22,reviewed,nc,nc
2014-06-13T16:05:21.170Z,43.7195,-128.188,10,3.2,ml,,237,3.619,0.97,us,usc000rf4u,2014-09-12T15:47:26.000Z,"Off the coast of Oregon",earthquake,,2,0.091,18,reviewed,us,us
2014-05-27T01:14:54.650Z,43.8143,-128.343,10,3.7,mb,,172,3.704,0.81,us,usb000r4v4,2014-08-23T08:36:50.000Z,"Off the coast of Oregon",earthquake,,1.9,0.127,16,reviewed,us,us
2014-05-19T02:19:41.750Z,44.1178,-129.1245,10,3.2,ml,,213,4.2,0.7,us,usc000rbz9,2014-08-09T02:53:49.000Z,"Off the coast of Oregon",earthquake,,2,0.091,18,reviewed,us,us
2014-05-15T11:57:07.370Z,41.1542,-127.1415,10,3.2,md,,320,2.233,0.92,us,usb000r28t,2017-02-03T19:58:57.845Z,"250km WNW of Ferndale, California",earthquake,,2,0.172,37,reviewed,nc,nc
2014-05-12T18:51:00.720Z,43.7071,-128.0971,10,5.1,mb,,159,3.559,0.6,us,usb000qjhw,2015-01-30T13:18:33.139Z,"Off the coast of Oregon",earthquake,,1.9,0.034,290,reviewed,us,us
2014-05-12T16:45:50.850Z,43.7851,-127.7682,10,4.1,mb,,188,3.309,1.38,us,usb000qjbb,2014-08-06T00:55:33.000Z,"281km WNW of Bandon, Oregon",earthquake,,1.9,0.103,26,reviewed,us,us
2014-04-25T21:18:30.240Z,43.4108,-127.0632,10,4.7,mb,,163,2.955,0.88,us,usb000pzzj,2015-01-30T11:41:39.976Z,"217km W of Bandon, Oregon",earthquake,,1.9,0.043,164,reviewed,us,us
2014-04-14T11:43:30.480Z,44.1575,-130.2895,10,3.3,ml,,218,5.026,0.49,us,usc000pjum,2014-07-01T02:38:08.000Z,"Off the coast of Oregon",earthquake,,2,0.148,6,reviewed,us,us
2014-03-13T04:52:54.640Z,44.2654,-129.0971,10,3.6,mb,,224,4.161,0.74,us,usc000nnw3,2014-05-16T21:51:38.000Z,"Off the coast of Oregon",earthquake,,2,0.223,5,reviewed,us,us
2014-03-12T05:29:28.810Z,44.2169,-129.3943,10,4,mb,,244,3.916,1.14,us,usc000n8m8,2014-05-16T21:51:37.000Z,"Off the coast of Oregon",earthquake,,2,0.211,6,reviewed,us,us
2014-03-12T00:31:44.470Z,44.3113,-129.0809,10,5.1,mb,,119,3.736,0.54,us,usc000n8ii,2015-01-30T02:57:31.379Z,"Off the coast of Oregon",earthquake,,1.8,0.032,321,reviewed,us,us
2014-03-11T21:10:15.720Z,44.292,-129.0967,10,3.2,ml,,263,3.739,1.24,us,usc000nntw,2014-05-15T02:24:30.000Z,"Off the coast of Oregon",earthquake,,2,0.085,20,reviewed,us,us
2014-03-08T18:17:31.820Z,43.5531,-127.2445,10,3.1,ml,,245,2.233,0.89,us,usc000pe8e,2016-07-22T19:25:53.340Z,"234km WNW of Bandon, Oregon",earthquake,,2,0.071,28,reviewed,us,us
2014-02-15T19:17:15.200Z,40.6464,-127.1811,10,3,ml,,261,2.4,0.67,us,usc000nfdf,2014-04-30T21:18:22.000Z,"246km W of Ferndale, California",earthquake,,2,0.081,22,reviewed,us,us
2014-02-02T12:36:56.160Z,44.4921,-129.6319,10,4,mb,,192,4.169,1.49,us,usc000mfnq,2014-04-08T01:43:23.000Z,"Off the coast of Oregon",earthquake,,1.9,0.098,30,reviewed,us,us
2014-01-30T11:42:58.720Z,41.8817,-127.0407,10,3,ml,,273,2.122,0.66,us,usc000mdkd,2014-04-08T01:43:17.000Z,"224km WSW of Gold Beach, Oregon",earthquake,,2,0.085,20,reviewed,us,us
2014-01-26T11:47:53.980Z,43.9305,-128.8721,10,3,ml,,223,3.472,1.2,us,usc000mn0s,2014-03-27T18:15:42.000Z,"Off the coast of Oregon",earthquake,,2,0.091,18,reviewed,us,us
2014-01-12T16:52:19.150Z,43.897,-128.512,16.5,3.7,ml,,198,4.139,0.84,us,usc000mcru,2014-03-15T03:39:18.000Z,"Off the coast of Oregon",earthquake,,6.3,0.128,8,reviewed,us,us
2013-12-17T07:50:59.240Z,43.3346,-127.6439,10,3,ml,,260,2.467,0.67,us,usc000m207,2016-07-22T19:21:10.160Z,"263km W of Bandon, Oregon",earthquake,,2,0.085,,reviewed,us,us
2013-12-07T20:12:30.490Z,43.7982,-128.4869,10,4.3,mb,,146,3.167,0.8,us,usb000ldh6,2014-02-15T01:32:12.000Z,"Off the coast of Oregon",earthquake,,1.9,0.09,,reviewed,us,us
2013-12-01T13:54:33.500Z,41.7405,-127.0315,10,3.1,ml,,295,2.138,1.25,us,usb000l8sp,2017-02-02T01:32:35.670Z,"228km WSW of Gold Beach, Oregon",earthquake,,5.8,0.1,,reviewed,nc,nc
2013-12-01T10:03:06.200Z,41.7545,-127.0623,5,3.1,md,,298,2.165,1.07,us,usc000lh6e,2017-02-02T01:30:53.554Z,"230km WSW of Gold Beach, Oregon",earthquake,,9.4,0.2,,reviewed,nc,nc
2013-11-26T09:32:20.950Z,44.463,-130.4664,10,3.4,ml,,196,5.122,1.15,us,usb000l6nq,2014-02-12T01:08:33.000Z,"Off the coast of Oregon",earthquake,,2,0.181,,reviewed,us,us
2013-11-26T08:57:05.420Z,44.4816,-130.1127,10,4.5,mb,,179,4.489,0.94,us,usb000l6nc,2014-02-12T01:08:33.000Z,"Off the coast of Oregon",earthquake,,1.9,0.059,,reviewed,us,us
2013-11-14T03:00:13.750Z,44.0127,-128.835,10,4,mb,,249,3.47,0.55,us,usb000kxjc,2015-01-31T00:06:18.043Z,"Off the coast of Oregon",earthquake,,2,0.13,,reviewed,us,us
2013-11-13T12:12:48.550Z,41.7636,-127.1539,10,2.9,ml,,266,2.228,0.72,us,usb000kwtk,2014-01-31T21:22:18.000Z,"237km WSW of Gold Beach, Oregon",earthquake,,2,0.062,,reviewed,us,us
2013-11-06T09:31:05.910Z,44.4969,-129.6559,10,4,mb,,266,4.187,1.1,us,usb000ktdr,2014-01-17T00:29:09.000Z,"Off the coast of Oregon",earthquake,,2,0.079,,reviewed,us,us
2013-11-05T14:16:41.600Z,43.6985,-127.6217,10,3.2,ml,,201,2.538,0.89,us,usb000ksud,2014-01-17T00:29:09.000Z,"268km WNW of Bandon, Oregon",earthquake,,2,0.07,,reviewed,us,us
2013-11-04T05:57:16.140Z,41.0454,-127.2203,10,4.6,mb,,179,2.262,1.2,us,usb000ks9r,2017-02-01T21:28:48.894Z,"254km WNW of Ferndale, California",earthquake,,1.8,0.078,,reviewed,us,us
2013-11-03T05:58:46.490Z,41.1556,-127.1922,10,3.8,mb,,246,2.27,1.13,us,usb000krxc,2017-02-01T21:21:07.505Z,"255km WNW of Ferndale, California",earthquake,,2,0.253,,reviewed,us,us
2013-11-01T06:13:15.520Z,41.0897,-127.4181,7.99,3,ml,,255,2.418,0.97,us,usb000kqti,2017-02-01T21:02:55.493Z,"272km WNW of Ferndale, California",earthquake,,8.7,0.069,,reviewed,us,us
2013-10-14T17:55:39.060Z,44.0254,-128.4441,10,3.8,mb,,194,3.58,0.94,us,usb000kivy,2013-12-24T01:43:02.000Z,"Off the coast of Oregon",earthquake,,2,0.359,,reviewed,us,us
2013-09-23T08:49:29.540Z,43.6961,-127.8289,10,3.5,ml,,249,2.681,0.81,us,usb000jxvc,2016-07-22T19:17:20.580Z,"284km WNW of Bandon, Oregon",earthquake,,2,0.069,,reviewed,us,us
2013-08-10T05:10:17.100Z,43.7417,-127.901,10,4.5,mb,,168,2.744,1.39,us,usb000j06u,2013-10-12T21:32:33.000Z,"291km WNW of Bandon, Oregon",earthquake,,1.9,0.046,,reviewed,us,us
2013-07-26T08:32:12.700Z,40.424,-127.092,17,4,mb,56,316,,,us,usc000ipkd,2017-02-01T05:47:53.940Z,"240km W of Ferndale, California",earthquake,,,,10,reviewed,nc,us
2013-07-25T03:39:07.700Z,40.36,-127.237,4.8,2.9,md,10,352,,,us,usc000iqcz,2017-02-01T05:36:56.203Z,"253km W of Ferndale, California",earthquake,,,,,reviewed,nc,nc
2013-07-25T03:38:02.700Z,40.56,-127.153,4.5,3.2,md,14,320,,,us,usc000infr,2017-02-01T05:36:51.432Z,"244km W of Ferndale, California",earthquake,,,,,reviewed,nc,nc
2013-06-27T00:03:21.870Z,43.536,-127.489,10.1,3.1,ml,29,185,,0.89,us,us2013rycm,2014-11-07T01:51:07.661Z,"254km WNW of Bandon, Oregon",earthquake,,2,,,reviewed,us,us
2013-06-10T19:40:50.680Z,40.338,-127.145,10,3.3,ml,34,261,,0.92,us,usp000k170,2014-11-07T01:51:03.535Z,"off the coast of Northern California",earthquake,,,,,reviewed,us,us
2013-06-09T09:06:53.660Z,44.159,-128.686,10,3.9,mb,43,208,,1.35,us,usc000hjpp,2014-11-07T01:51:03.192Z,"Off the coast of Oregon",earthquake,,,,22,reviewed,us,us
2013-06-05T11:13:58.560Z,44.304,-128.688,10,2.9,ml,44,197,,1.05,us,usp000k13x,2014-11-07T01:51:01.145Z,"off the coast of Oregon",earthquake,,3.2,,,reviewed,us,us
2013-05-25T11:50:56.420Z,44.466,-129.617,10,4.1,mb,127,190,,0.49,us,usb000h60s,2014-11-07T01:50:54.211Z,"Off the coast of Oregon",earthquake,,,,59,reviewed,us,us
2013-05-25T05:51:00.420Z,44.505,-129.632,10.9,4,mb,73,100,,1.08,us,usb000h5xr,2014-11-07T01:50:54.139Z,"Off the coast of Oregon",earthquake,,4.9,,51,reviewed,us,us
2013-05-21T20:28:30.840Z,44.074,-128.928,12.2,3.9,mb,110,200,,1.26,us,usb000h19f,2014-11-07T01:50:52.956Z,"Off the coast of Oregon",earthquake,,9.3,,31,reviewed,us,us
2013-05-20T14:07:58.540Z,41.472,-127.064,10,4.4,mb,104,198.5,,1.22,us,usb000gzse,2017-01-31T17:05:44.453Z,"239km WSW of Brookings, Oregon",earthquake,,,,35,reviewed,us,us
2013-05-20T13:56:30.340Z,41.391,-127.001,10,4.2,mb,44,191.5,,0.93,us,usb000gzrs,2014-11-07T01:50:51.243Z,"236km W of Crescent City, California",earthquake,,,,9,reviewed,us,us
2013-05-20T13:34:02.070Z,41.145,-127.423,10,2.9,ml,16,219.8,,1.15,us,us2013qkex,2014-11-07T01:50:51.240Z,"273km WNW of Ferndale, California",earthquake,,0,,,reviewed,us,us
2013-05-20T13:23:43.630Z,41.277,-127.252,10,4.2,mb,75,177.5,,0.91,us,usb000gzru,2014-11-07T01:50:51.219Z,"260km W of Crescent City, California",earthquake,,,,24,reviewed,us,us
2013-05-20T13:20:53.180Z,41.364,-127.352,8.9,4.3,mb,85,190,,1.39,us,usb000gzrl,2014-11-07T01:50:51.212Z,"266km W of Crescent City, California",earthquake,,27.5,,21,reviewed,us,us
2013-05-20T13:19:30.680Z,41.323,-127.117,10,4.2,mb,42,176.9,,0.63,us,usb000gzqd,2014-11-07T01:50:51.208Z,"247km W of Crescent City, California",earthquake,,,,11,reviewed,us,us
2013-05-20T13:12:44.040Z,41.375,-127.392,10,4.3,mb,119,175.7,,1.44,us,usb000gzrk,2017-01-31T17:05:10.318Z,"269km W of Crescent City, California",earthquake,,,,32,reviewed,us,us
2013-05-20T13:10:57.220Z,41.121,-127.324,10,3.1,ml,22,215.8,,1.14,us,us2013qkew,2014-11-07T01:50:51.194Z,"265km WNW of Ferndale, California",earthquake,,,,,reviewed,us,us
2013-05-08T19:36:51.200Z,43.293,-127.31,10,2.7,md,10,297,,0.89,us,usp000k0mk,2014-11-07T01:50:45.708Z,"off the coast of Oregon",earthquake,,6.8,,,reviewed,us,sea
2013-04-09T23:07:25.930Z,40.2828333,-127.1825,9.622,3.06,ml,13,322,2.179,0.24,nc,nc71968890,2017-01-31T11:14:11.051Z,"249km W of Ferndale, California",earthquake,2.61,31.61,0.146,6,reviewed,nc,nc
2013-04-03T17:36:25.030Z,44.564,-129.798,10,3.8,mb,12,219.2,,1.35,us,usp000k01p,2014-11-07T01:50:30.048Z,"off the coast of Oregon",earthquake,,,,1,reviewed,us,us
2013-03-07T08:19:38.470Z,44.073,-128.948,10,3.5,ml,44,188.2,,1.41,us,usp000jzp6,2014-11-07T01:50:18.585Z,"off the coast of Oregon",earthquake,,,,,reviewed,us,us
2013-03-04T03:42:42.740Z,43.661,-127.283,10,3.8,mb,59,200.6,,1.4,us,us2013mibr,2014-11-07T01:50:17.452Z,"240km WNW of Bandon, Oregon",earthquake,,,,5,reviewed,us,us
2013-02-20T12:22:00.330Z,40.349,-127.144,10,4.3,mb,58,198.5,,1.05,us,usc000faka,2017-01-31T03:33:58.655Z,"235km W of Ferndale, California",earthquake,,,,5,reviewed,us,us
2013-01-30T03:14:28.490Z,43.638,-127.62,10,5.4,mww,418,112.5,,1.34,us,usc000ey2g,2015-01-29T16:31:53.459Z,"263km WNW of Bandon, Oregon",earthquake,,,,,reviewed,us,us
2013-01-12T21:17:02.920Z,40.0563333,-127.1458333,4.532,3.24,md,10,353,2.187,0.22,nc,nc71920731,2017-01-30T20:00:20.048Z,"off the coast of Northern California",earthquake,15.2,12.53,0.252,14,reviewed,nc,nc
2013-01-12T11:19:50.390Z,43.606,-127.432,10,4.1,mb,167,183.1,,0.83,us,usp000jya4,2014-11-07T01:49:49.183Z,"off the coast of Oregon",earthquake,,,,43,reviewed,us,us
2012-12-19T13:58:21.440Z,40.679,-127.214,10,4.2,mb,33,212.2,,0.86,us,usp000jx59,2014-11-07T01:49:37.813Z,"off the coast of Northern California",earthquake,,,,1,reviewed,us,us
2012-11-07T13:06:58.070Z,44.673,-129.216,10,4.2,mb,32,206.7,,0.99,us,usp000jv56,2014-11-07T01:49:19.019Z,"off the coast of Oregon",earthquake,,,,6,reviewed,us,us
2012-10-31T13:00:15.010Z,41.798,-127.048,10,4.2,mb,43,209,,0.99,us,usp000juuj,2014-11-07T01:49:12.305Z,"off the coast of Northern California",earthquake,,,,4,reviewed,us,us
2012-10-22T12:37:25.020Z,43.806,-128.186,10,2.7,md,7,268.8,,0.31,us,usp000juaf,2014-11-07T01:49:07.840Z,"off the coast of Oregon",earthquake,,,,,reviewed,us,sea
2012-10-05T20:51:25.370Z,43.77,-127.963,10,3.2,ml,74,218.6,,0.99,us,usp000jtm7,2014-11-07T01:49:03.002Z,"off the coast of Oregon",earthquake,,,,,reviewed,us,us
2012-10-03T08:16:39.560Z,44.307,-129.19,10,4.7,mb,357,159.9,,1.16,us,usp000jtff,2014-11-07T01:49:01.920Z,"off the coast of Oregon",earthquake,,,,181,reviewed,us,us
2012-10-03T02:13:10.020Z,44.435,-129.229,10,4.3,mb,142,191.9,,1.34,us,usp000jteu,2014-11-07T01:49:01.783Z,"off the coast of Oregon",earthquake,,,,53,reviewed,us,us
2012-10-03T02:12:46.140Z,44.361,-129.45,10,3.8,mb,46,198.7,,1.19,us,usp000jtet,2014-11-07T01:49:01.776Z,"off the coast of Oregon",earthquake,,,,10,reviewed,us,us
2012-09-29T06:17:06.730Z,44.187,-127.846,10,4.2,mb,89,198.8,,1.43,us,usp000jt7p,2014-11-07T01:48:56.428Z,"off the coast of Oregon",earthquake,,,,36,reviewed,us,us
2012-09-14T20:24:21.850Z,44.127,-129.073,10,4.7,mb,366,134.8,,1.1,us,usp000jsb2,2014-11-07T01:48:51.662Z,"off the coast of Oregon",earthquake,,,,173,reviewed,us,us
2012-08-09T04:18:18.300Z,44.598,-129.593,10,4.5,mb,129,100.4,,1.25,us,usp000jq2t,2015-03-24T02:32:49.435Z,"off the coast of Oregon",earthquake,,,,95,reviewed,us,us
2012-08-08T17:45:33.330Z,44.452,-128.624,10,4.9,mb,262,158.7,,1.29,us,usp000jq2a,2014-11-07T01:48:32.141Z,"off the coast of Oregon",earthquake,,,,165,reviewed,us,us
2012-07-29T15:07:31.620Z,44.101,-128.935,10,4,mb,130,202.3,,0.79,us,usp000jpm8,2014-11-07T01:48:25.134Z,"off the coast of Oregon",earthquake,,,,44,reviewed,us,us
2012-07-25T22:24:16.130Z,44.196,-129.244,10,4.2,mb,134,185,,1.15,us,usp000jpf2,2014-11-07T01:48:23.916Z,"off the coast of Oregon",earthquake,,,,40,reviewed,us,us
2012-07-21T00:34:21.980Z,44.123,-128.9,10,4,mb,70,209.7,,1.35,us,usp000jp8b,2014-11-07T01:48:21.841Z,"off the coast of Oregon",earthquake,,,,12,reviewed,us,us
2012-07-12T10:19:36.590Z,44.13,-128.545,10,3,ml,29,202.5,,1.66,us,usp000jnx8,2014-11-07T01:48:19.025Z,"off the coast of Oregon",earthquake,,,,,reviewed,us,us
2012-07-06T17:50:28.610Z,43.645,-127.452,10,4.6,mb,359,174.7,,1.08,us,usp000jnpa,2014-11-07T01:48:16.722Z,"off the coast of Oregon",earthquake,,,,138,reviewed,us,us
2012-06-19T13:40:57.260Z,43.443,-127.273,10,5.2,mb,462,91.8,,0.92,us,usp000jmz5,2016-01-04T23:33:19.330Z,"off the coast of Oregon",earthquake,,,,197,reviewed,us,us
2012-05-10T10:58:56.310Z,43.311,-127.308,10,3.3,ml,69,248.7,,0.63,us,usp000jk8z,2014-11-07T01:47:46.533Z,"off the coast of Oregon",earthquake,,,,,reviewed,us,us
2012-04-11T22:41:46.040Z,43.584,-127.638,8,6,mwc,656,43.9,,1.1,us,usp000jhpg,2015-03-24T01:28:13.233Z,"off the coast of Oregon",earthquake,,,,,reviewed,us,gcmt
2012-04-01T06:56:07.630Z,40.405,-127.182,10,3.4,ml,26,253.7,,1.24,us,usp000jh3a,2017-01-27T11:41:10.032Z,"off the coast of Northern California",earthquake,,,,,reviewed,us,nc
2012-03-28T05:42:24.840Z,43.608,-127.524,10,4.4,mb,195,157.9,,1.08,us,usp000jgwj,2015-03-24T01:27:50.872Z,"off the coast of Oregon",earthquake,,,,39,reviewed,us,us
2012-03-06T07:45:41.130Z,44.134,-129.452,10,4,mb,77,201.9,,1.39,us,usp000jfv3,2014-11-07T01:47:11.974Z,"off the coast of Oregon",earthquake,,,,27,reviewed,us,us
2012-03-06T07:13:25.930Z,44.13,-129.4,10,4.4,mb,159,97.7,,1.27,us,usp000jfv2,2014-11-07T01:47:11.962Z,"off the coast of Oregon",earthquake,,,,60,reviewed,us,us
2012-03-05T19:00:55.190Z,44.163,-129.368,10,4.1,mb,62,203,,1.42,us,usp000jfue,2014-11-07T01:47:11.799Z,"off the coast of Oregon",earthquake,,,,18,reviewed,us,us
2012-02-25T03:52:20.120Z,43.974,-128.468,10,4.2,mb,48,191.6,,1.41,us,usp000jfbp,2014-11-07T01:47:04.129Z,"off the coast of Oregon",earthquake,,,,14,reviewed,us,us
2012-02-23T15:49:18.440Z,44.171,-128.248,10,3.4,ml,30,181.2,,1.15,us,usp000jf98,2014-11-07T01:47:03.650Z,"off the coast of Oregon",earthquake,,,,,reviewed,us,us
2012-02-20T12:13:54.550Z,43.592,-127.463,10,3.4,ml,52,209.3,,0.76,us,usp000jf52,2014-11-07T01:47:02.691Z,"off the coast of Oregon",earthquake,,,,,reviewed,us,us
2012-02-15T03:31:20.610Z,43.625,-127.518,11,5.8,mww,491,80.2,,1.12,us,usp000jeyq,2015-06-30T16:59:03.938Z,"off the coast of Oregon",earthquake,,,,,reviewed,us,us
2012-02-04T19:08:14.740Z,42.845,-127.997,10,2.6,md,17,287.2,,1.39,us,usp000jeg6,2016-07-22T18:07:46.900Z,"off the coast of Oregon",earthquake,,,,,reviewed,us,sea
2012-02-02T01:00:48.480Z,44.216,-128.417,10,4,mb,26,260.2,,1.21,us,usp000je9b,2014-11-07T01:46:55.651Z,"off the coast of Oregon",earthquake,,,,19,reviewed,us,us
2012-01-08T12:42:33.400Z,40.2136667,-127.1765,23.092,3.21,ml,5,353,2.184,0.25,nc,nc71708350,2017-01-26T19:46:33.455Z,"off the coast of Northern California",earthquake,14.15,31.61,0.125,4,reviewed,nc,nc
2012-01-05T11:41:06.500Z,41.032,-127.178,5,3.2,md,50,205.4,,,us,usp000jd2r,2017-01-26T19:04:13.596Z,"off the coast of Northern California",earthquake,,,,,reviewed,nc,nc
2011-12-20T16:06:45.840Z,44.14,-128.765,10,4.1,mb,79,191.8,,1.23,us,usp000jcek,2015-03-24T01:24:06.358Z,"off the coast of Oregon",earthquake,,,,16,reviewed,us,us
2011-12-04T15:56:45.490Z,42.776,-127.838,10,3.5,ml,62,247,,0.94,us,usp000jbts,2014-11-07T01:46:31.024Z,"off the coast of Oregon",earthquake,,,,,reviewed,us,us
2011-12-03T05:12:49.470Z,44.082,-128.743,10,3.5,ml,33,242,,1.02,us,usp000jbrx,2014-11-07T01:46:30.346Z,"off the coast of Oregon",earthquake,,,,,reviewed,us,us
2011-11-22T01:02:22.090Z,42.165,-127.078,10,4.1,mb,34,203.9,,1.31,us,usp000jb84,2014-11-07T01:46:23.659Z,"off the coast of Oregon",earthquake,,,,7,reviewed,us,us
2011-10-15T11:28:06.370Z,44.043,-128.32,10,4.1,mb,24,221.2,,1,us,usp000j9cg,2014-11-07T01:46:06.881Z,"off the coast of Oregon",earthquake,,,,5,reviewed,us,us
2011-10-13T04:14:00.510Z,43.462,-127.135,20.6,5.6,mwc,471,43.1,,1.09,us,usp000j99k,2015-05-13T18:54:01.000Z,"off the coast of Oregon",earthquake,,5.2,,,reviewed,us,gcmt
2011-09-18T14:38:08.960Z,40.642,-127.29,10,2.8,ml,14,279,,1.09,us,usp000j88h,2014-11-07T01:45:55.175Z,"off the coast of Northern California",earthquake,,,,,reviewed,us,us
2011-09-14T00:13:44.620Z,40.5583333,-127.3873333,23.307,3.42,md,11,317,2.369,0.28,nc,nc71646141,2017-01-25T05:48:07.401Z,"off the coast of Northern California",earthquake,3.23,31.61,0.21,19,reviewed,nc,nc
2011-09-10T16:58:53.490Z,43.559,-127.23,10,3.5,ml,57,191.8,,1.3,us,usp000j7w2,2014-11-07T01:45:52.542Z,"off the coast of Oregon",earthquake,,,,,reviewed,us,us
2011-09-01T02:06:23.340Z,43.558,-127.27,10,4.8,mwc,47,205,,1.48,us,usp000j7bq,2014-11-07T01:45:46.883Z,"off the coast of Oregon",earthquake,,,,,reviewed,us,gcmt
2011-09-01T02:03:21.970Z,43.295,-127.63,10,2.9,ml,17,287.4,,0.49,us,usp000j7bp,2014-11-07T01:45:46.865Z,"off the coast of Oregon",earthquake,,,,,reviewed,us,us
2011-09-01T01:48:44.210Z,43.41,-127.475,10,2.9,ml,15,289.2,,0.46,us,usp000j7bn,2014-11-07T01:45:46.846Z,"off the coast of Oregon",earthquake,,,,,reviewed,us,us
2011-08-30T04:16:05.380Z,43.53,-128.417,10,2.7,ml,7,291.5,,,us,usp000j78d,2014-11-07T01:45:44.618Z,"off the coast of Oregon",earthquake,,,,,reviewed,sea,us
2011-08-28T13:04:22.310Z,43.62,-128.043,10,3.2,ml,30,241.6,,0.83,us,usp000j75z,2014-11-07T01:45:44.311Z,"off the coast of Oregon",earthquake,,,,,reviewed,us,us
2011-08-28T02:20:13.190Z,41.8121667,-127.0565,20.82,3.42,md,16,295,2.144,0.27,nc,nc71628745,2017-01-25T03:04:19.830Z,"off the coast of Northern California",earthquake,7.92,12.79,0.203,36,reviewed,nc,nc
2011-08-27T19:13:25.240Z,43.535,-127.254,10,2.6,ml,25,283.4,,1.57,us,usp000j74t,2014-11-07T01:45:43.974Z,"off the coast of Oregon",earthquake,,,,,reviewed,us,us
2011-08-05T15:10:03.930Z,44.13,-128.909,10,4.8,mwc,161,170.9,,1.31,us,usp000j60r,2015-03-24T01:19:36.840Z,"off the coast of Oregon",earthquake,,,,,reviewed,us,gcmt
2011-08-03T23:08:33.280Z,44.06,-128.988,10,2.8,ml,18,207.6,,0.95,us,usp000j5xr,2014-11-07T01:45:33.554Z,"off the coast of Oregon",earthquake,,,,,reviewed,us,us
2011-07-28T13:01:05.920Z,43.117,-128.011,10,2.6,ml,11,311.4,,0.24,us,usp000j5m1,2014-11-07T01:45:27.508Z,"off the coast of Oregon",earthquake,,,,,reviewed,us,us
2011-07-10T05:34:33.220Z,44.111,-128.583,10,4.1,mb,83,176.7,,1.11,us,usp000j4he,2015-03-24T02:40:38.989Z,"off the coast of Oregon",earthquake,,,,32,reviewed,us,us
2011-06-23T10:37:06.400Z,43.457,-128.587,10,3.6,ml,15,298.8,,0.49,us,usp000j3kz,2014-11-07T01:45:09.344Z,"off the coast of Oregon",earthquake,,,,,reviewed,us,us
2011-06-21T14:04:16.170Z,44.167,-128.955,10,3.8,mb,37,210.9,,1.19,us,usp000j3h8,2014-11-07T01:45:08.686Z,"off the coast of Oregon",earthquake,,,,6,reviewed,us,us
2011-05-22T07:21:38.190Z,43.525,-127.034,10,4.9,mwc,214,161.4,,1.19,us,usp000j20v,2015-03-24T02:21:08.357Z,"off the coast of Oregon",earthquake,,,,,reviewed,us,gcmt
2011-05-19T03:14:20.820Z,44.598,-129.427,10,2.9,ml,9,292.6,,0.76,us,usp000j1tq,2014-11-07T01:44:52.344Z,"off the coast of Oregon",earthquake,,,,,reviewed,us,us
2011-05-04T15:44:49.340Z,40.403,-127.254,10,3,ml,16,263.3,,0.93,us,usp000j0zw,2017-01-24T10:54:13.206Z,"off the coast of Northern California",earthquake,,0,,,reviewed,us,us
2011-04-23T16:23:11.100Z,43.763,-128.012,10,4.2,mb,48,182.2,,1.21,us,usp000j0f9,2014-11-07T01:44:37.025Z,"off the coast of Oregon",earthquake,,,,7,reviewed,us,us
2011-03-08T13:13:16.580Z,43.528,-127.298,10,2.5,ml,13,292,,0.5,us,usp000hvgw,2014-11-07T01:43:53.048Z,"off the coast of Oregon",earthquake,,,,,reviewed,us,us
2011-03-08T07:29:52.830Z,44.165,-129.472,10,4.6,mb,225,190.6,,1.14,us,usp000hvgh,2015-03-24T01:15:24.829Z,"off the coast of Oregon",earthquake,,,,94,reviewed,us,us
2011-03-08T07:19:32.550Z,44.303,-129.319,10,4.4,mb,177,180.3,,1.11,us,usp000hvgg,2014-11-07T01:43:52.966Z,"off the coast of Oregon",earthquake,,,,69,reviewed,us,us
2011-03-08T01:26:58.190Z,44.318,-129.446,10,5.1,mwc,324,163.2,,1.26,us,usp000hvg9,2015-03-24T01:15:23.423Z,"off the coast of Oregon",earthquake,,,,,reviewed,us,gcmt
2011-03-07T15:59:23.560Z,44.35,-129.456,10,4,mb,44,200.2,,1.15,us,usp000hvfw,2014-11-07T01:43:52.869Z,"off the coast of Oregon",earthquake,,,,6,reviewed,us,us
2011-03-07T02:22:02.060Z,44.362,-129.159,10,3.9,mb,63,199.7,,0.99,us,usp000hvf8,2014-11-07T01:43:52.751Z,"off the coast of Oregon",earthquake,,,,4,reviewed,us,us
2011-03-06T22:23:15.580Z,44.289,-129.432,10,5,mwc,148,163.2,,1.03,us,usp000hvf2,2014-11-07T01:43:52.643Z,"off the coast of Oregon",earthquake,,,,,reviewed,us,gcmt
2011-03-06T21:35:47.420Z,44.373,-129.376,10,5,mwc,242,183.1,,1.03,us,usp000hvf1,2014-11-07T01:43:52.624Z,"off the coast of Oregon",earthquake,,,,,reviewed,us,gcmt
2011-03-01T20:01:22.930Z,43.49,-127.3,10,3.4,ml,23,220.3,,0.88,us,usp000hv7x,2014-11-07T01:43:50.334Z,"off the coast of Oregon",earthquake,,,,,reviewed,us,us
2011-02-28T06:28:36.300Z,44.357,-129.343,10,3.4,ml,13,222.7,,0.92,us,usp000hv5u,2014-11-07T01:43:44.810Z,"off the coast of Oregon",earthquake,,,,,reviewed,us,us
2011-02-21T16:59:55.000Z,41.175,-127.136,5,3.1,md,16,195.2,,,us,usp000huv9,2017-01-24T01:04:33.352Z,"off the coast of Northern California",earthquake,,,,,reviewed,nc,nc
2011-02-17T17:35:37.660Z,44.541,-129.681,10,4.3,mb,41,203.1,,0.95,us,usp000hunb,2014-11-07T01:43:40.875Z,"off the coast of Oregon",earthquake,,,,4,reviewed,us,us
2011-02-15T01:23:40.880Z,43.38,-127.468,10,3,ml,9,289.5,,0.53,us,usp000huhv,2014-11-07T01:43:40.359Z,"off the coast of Oregon",earthquake,,,,,reviewed,us,us
2011-02-14T22:48:42.290Z,44.413,-129.506,10,4.4,mb,39,203.3,,1.14,us,usp000huhn,2014-11-07T01:43:40.320Z,"off the coast of Oregon",earthquake,,,,9,reviewed,us,us
2011-02-13T22:34:41.430Z,44.273,-129.533,10,4.1,mb,21,205.8,,1.27,us,usp000hufw,2014-11-07T01:43:40.047Z,"off the coast of Oregon",earthquake,,,,13,reviewed,us,us
2011-02-13T17:49:22.360Z,44.361,-129.183,10,3.5,ml,29,202.8,,1.14,us,usp000huff,2014-11-07T01:43:39.967Z,"off the coast of Oregon",earthquake,,,,,reviewed,us,us
2011-02-12T22:35:52.070Z,44.371,-129.212,10,3.5,mb,15,257.8,,0.85,us,usp000huef,2014-11-07T01:43:39.779Z,"off the coast of Oregon",earthquake,,,,1,reviewed,us,us
2011-02-08T22:02:01.870Z,43.541,-127.313,10,5.4,mwc,285,90.7,,1.21,us,usp000hu8d,2015-03-24T02:07:39.625Z,"off the coast of Oregon",earthquake,,,,,reviewed,us,gcmt
2011-02-08T07:44:36.820Z,43.719,-127.731,10,4.8,mwc,227,158.4,,1.25,us,usp000hu7s,2015-03-24T02:12:56.311Z,"off the coast of Oregon",earthquake,,,,,reviewed,us,gcmt
2011-01-27T13:02:38.880Z,43.789,-127.731,10,4,mb,52,200.9,,1.23,us,usp000htqa,2014-11-07T01:43:30.470Z,"off the coast of Oregon",earthquake,,,,3,reviewed,us,us
2010-11-27T21:02:54.020Z,40.876,-127.319,10,4.2,mb,45,196.5,,1.02,us,usp000hq7m,2017-01-23T08:19:31.848Z,"off the coast of Northern California",earthquake,,,,5,reviewed,us,us
2010-11-25T02:04:37.510Z,43.895,-128.342,10,4.6,mb,127,187.2,,1.24,us,usp000hq2p,2015-03-24T01:13:32.703Z,"off the coast of Oregon",earthquake,,,,38,reviewed,us,us
2010-11-21T23:46:35.050Z,43.571,-127.23,10,5,mwc,94,189.7,,1.17,us,usp000hpyc,2016-11-10T02:36:30.855Z,"off the coast of Oregon",earthquake,,,,,reviewed,us,gcmt
2010-10-13T10:50:23.890Z,41.936,-127.038,10,4.8,mwc,113,128.8,,1.24,us,usp000hn20,2017-01-23T03:15:30.400Z,"off the coast of Northern California",earthquake,,,,,reviewed,us,gcmt
2010-10-02T07:51:52.970Z,44.614,-129.827,10,4.8,mwc,132,192.5,,1.18,us,usp000hmfz,2016-11-10T02:34:04.710Z,"off the coast of Oregon",earthquake,,,,,reviewed,us,gcmt
2010-09-30T04:18:52.890Z,44.184,-129.597,10,3.1,ml,11,295.7,,0.44,us,usp000hmcq,2014-11-07T01:42:32.097Z,"off the coast of Oregon",earthquake,,,,,reviewed,us,us
2010-09-24T04:24:23.790Z,43.478,-127.038,10,3.7,mb,75,201.4,,1,us,usp000hm40,2014-11-07T01:42:30.420Z,"off the coast of Oregon",earthquake,,,,6,reviewed,us,us
2010-09-20T04:05:06.930Z,44.665,-130.104,10,4.8,mwc,111,112.5,,1.34,us,usp000hkz4,2016-11-10T02:33:24.040Z,"off the coast of Oregon",earthquake,,,,,reviewed,us,gcmt
2010-09-08T13:42:50.400Z,43.521,-127.897,10,2.7,ml,19,283.2,,0.68,us,usp000hkf1,2014-11-07T01:42:25.457Z,"off the coast of Oregon",earthquake,,,,,reviewed,us,us
2010-09-02T16:19:11.640Z,44.344,-129.923,10,3.5,ml,37,278.7,,0.86,us,usp000hk2e,2014-11-07T01:42:22.113Z,"off the coast of Oregon",earthquake,,,,,reviewed,us,us
2010-08-26T06:21:11.650Z,44.181,-129.162,10,3.9,mb,63,212.5,,1.34,us,usp000hjsm,2014-11-07T01:42:17.994Z,"off the coast of Oregon",earthquake,,,,10,reviewed,us,us
2010-08-21T02:01:45.680Z,43.474,-127.215,10,3.7,mb,57,211.2,,1.01,us,usp000hjhu,2014-11-07T01:42:16.409Z,"off the coast of Oregon",earthquake,,,,8,reviewed,us,us
2010-08-17T02:15:18.340Z,40.57,-127.202,10,2.8,ml,21,263.4,,1.15,us,usp000hjat,2017-01-22T20:51:58.193Z,"off the coast of Northern California",earthquake,,,,,reviewed,us,us
2010-08-11T10:44:17.840Z,39.9696667,-127.1401667,21.31,3.15,ml,11,349,2.189,0.29,nc,nc71444841,2017-11-07T22:31:40.666Z,"253km WSW of Ferndale, California",earthquake,10.63,31.61,0.198,6,reviewed,nc,nc
2010-08-09T21:01:01.620Z,43.248,-127.928,10,3,ml,45,252.2,,0.91,us,usp000hhty,2014-11-07T01:42:12.457Z,"off the coast of Oregon",earthquake,,,,,reviewed,us,us
2010-07-11T02:16:18.700Z,43.282,-127.028,10,3.6,mb,56,211.7,,1.03,us,usp000hf4q,2014-11-07T01:41:52.134Z,"off the coast of Oregon",earthquake,,,,6,reviewed,us,us
2010-07-04T00:51:51.310Z,43.024,-127.086,10,2.5,ml,10,276.1,,0.77,us,usp000heve,2016-07-22T17:09:06.830Z,"off the coast of Oregon",earthquake,,,,,reviewed,us,us
2010-06-20T11:47:35.760Z,43.374,-127.37,10,3,ml,30,272.1,,0.7,us,usp000heaa,2014-11-07T01:41:43.230Z,"off the coast of Oregon",earthquake,,,,,reviewed,us,us
2010-06-18T02:23:00.210Z,43.849,-129.139,10,4,mb,31,220.8,,0.91,us,usp000he7q,2014-11-07T01:41:42.536Z,"off the coast of Oregon",earthquake,,,,4,reviewed,us,us
2010-06-09T06:51:57.220Z,43.188,-127.244,10,2.9,ml,15,272.6,,0.8,us,usp000hdrq,2014-11-07T01:41:39.513Z,"off the coast of Oregon",earthquake,,,,,reviewed,us,us
2010-06-09T05:42:50.540Z,44.087,-129.138,10,4.4,mb,118,189,,1.39,us,usp000hdrk,2014-11-07T01:41:39.493Z,"off the coast of Oregon",earthquake,,,,23,reviewed,us,us
2010-06-04T08:44:36.600Z,43.253,-127.162,10,3.2,ml,27,271,,0.79,us,usp000hdju,2014-11-07T01:41:38.520Z,"off the coast of Oregon",earthquake,,,,,reviewed,us,us
2010-05-22T21:40:08.640Z,44.109,-129.039,10,2.8,ml,16,218.9,,1.34,us,usp000hd2f,2014-11-07T01:41:31.522Z,"off the coast of Oregon",earthquake,,,,,reviewed,us,us
2010-05-09T12:28:04.380Z,40.377,-127.302,10,2.7,ml,12,287.9,,0.8,us,usp000hchz,2017-01-22T08:48:35.965Z,"off the coast of Northern California",earthquake,,,,,reviewed,us,us
2010-05-08T04:59:14.720Z,44.512,-129.258,10,3.9,mb,58,212.8,,1.12,us,usp000hcfz,2014-11-07T01:41:27.958Z,"off the coast of Oregon",earthquake,,,,13,reviewed,us,us
2010-05-07T20:02:18.840Z,44.416,-129.481,10,5,mwc,158,162.8,,1.41,us,usp000hcff,2016-11-10T02:27:58.756Z,"off the coast of Oregon",earthquake,,,,,reviewed,us,gcmt
2010-05-07T19:42:40.680Z,44.443,-129.064,10,2.8,ml,20,222.1,,1.36,us,usp000hcfe,2014-11-07T01:41:27.803Z,"off the coast of Oregon",earthquake,,,,,reviewed,us,us
2010-05-07T19:16:11.430Z,44.369,-129.269,10,3.7,mb,40,192.2,,1.63,us,usp000hcfd,2014-11-07T01:41:27.765Z,"off the coast of Oregon",earthquake,,,,3,reviewed,us,us
2010-05-07T19:03:30.830Z,44.505,-129.6,10,4.3,mb,118,90.3,,1.25,us,usp000hcfc,2014-11-07T01:41:27.756Z,"off the coast of Oregon",earthquake,,,,20,reviewed,us,us
2010-05-07T18:55:09.650Z,44.488,-129.465,10,4.1,mb,29,202.7,,1.49,us,usp000hcfb,2014-11-07T01:41:27.753Z,"off the coast of Oregon",earthquake,,,,2,reviewed,us,us
2010-05-07T18:53:36.710Z,44.731,-128.935,10,3.2,ml,18,263.3,,1.27,us,usp000hcfa,2014-11-07T01:41:27.751Z,"off the coast of Oregon",earthquake,,,,,reviewed,us,us
2010-05-07T18:50:59.690Z,44.399,-129.6,10,4.2,mb,101,189.2,,1.49,us,usp000hcf9,2014-11-07T01:41:27.743Z,"off the coast of Oregon",earthquake,,,,7,reviewed,us,us
2010-05-07T18:48:36.450Z,44.413,-129.201,10,3.9,mb,59,203.6,,1.23,us,usp000hcf7,2014-11-07T01:41:27.736Z,"off the coast of Oregon",earthquake,,,,2,reviewed,us,us
2010-05-07T18:43:07.300Z,44.409,-129.551,10,4.5,mb,131,166.4,,1.53,us,usp000hcf6,2014-11-07T01:41:27.725Z,"off the coast of Oregon",earthquake,,,,41,reviewed,us,us
2010-05-07T18:41:54.300Z,44.403,-129.523,10,5.1,mwc,168,125.4,,1.37,us,usp000hcf5,2016-11-10T02:27:58.250Z,"off the coast of Oregon",earthquake,,,,,reviewed,us,gcmt
2010-05-07T18:23:41.140Z,44.47,-128.958,10,2.7,ml,18,205.9,,1.42,us,usp000hcf2,2014-11-07T01:41:27.704Z,"off the coast of Oregon",earthquake,,,,,reviewed,us,us
2010-05-07T17:46:13.940Z,44.362,-129.467,10,5.5,mwb,284,104.1,,1.24,us,usp000hcf0,2016-11-10T02:27:57.742Z,"off the coast of Oregon",earthquake,,,,,reviewed,us,us
2010-05-03T17:49:37.430Z,40.455,-127.054,20,3.4,ml,26,246.4,,,us,usp000hc9c,2017-01-22T08:09:16.707Z,"off the coast of Northern California",earthquake,,,,,reviewed,nc,nc
2010-05-02T00:24:24.100Z,42.744,-127.668,10,2.5,ml,12,313.5,,0.38,us,usp000hc6c,2014-11-07T01:41:24.965Z,"off the coast of Oregon",earthquake,,,,,reviewed,us,us
2010-04-17T04:22:13.020Z,40.392,-127.205,10,4.5,mb,125,136.1,,1.1,us,usp000hbhd,2017-01-22T06:14:31.227Z,"off the coast of Northern California",earthquake,,,,48,reviewed,us,us
2010-04-09T01:27:08.500Z,44.239,-128.998,10,4.2,mb,73,199.3,,1.11,us,usp000hb0u,2014-11-07T01:41:14.105Z,"off the coast of Oregon",earthquake,,,,23,reviewed,us,us
2010-03-23T14:12:14.500Z,43.324,-127.614,10,3.1,ml,25,275.1,,0.77,us,usp000h9wm,2014-11-07T01:41:05.030Z,"off the coast of Oregon",earthquake,,,,,reviewed,us,us
2010-03-22T21:49:16.760Z,44.383,-128.983,10,3.3,ml,21,256.8,,1.2,us,usp000h9vk,2014-11-07T01:41:04.507Z,"off the coast of Oregon",earthquake,,,,,reviewed,us,us
2010-03-21T01:36:04.690Z,43.403,-127.352,10,2.8,ml,17,259.4,,0.5,us,usp000h9s7,2014-11-07T01:41:03.970Z,"off the coast of Oregon",earthquake,,,,,reviewed,us,us
2010-03-21T01:17:44.960Z,43.651,-127.27,10,3,ml,17,202.5,,1.31,us,usp000h9s6,2014-11-07T01:41:03.968Z,"off the coast of Oregon",earthquake,,,,,reviewed,us,us
2010-03-20T12:46:22.750Z,44.354,-129.244,10,3.6,mb,33,222.5,,1.28,us,usp000h9r7,2014-11-07T01:41:03.662Z,"off the coast of Oregon",earthquake,,,,1,reviewed,us,us
2010-03-18T07:16:24.980Z,44.189,-129.313,10,4.1,mb,57,198.7,,1.2,us,usp000h9m9,2015-03-24T02:41:51.560Z,"off the coast of Oregon",earthquake,,,,7,reviewed,us,us
2010-03-15T12:37:49.980Z,44.207,-129.385,10,4.8,mb,147,186.8,,1.27,us,usp000h9ep,2015-03-24T01:06:26.775Z,"off the coast of Oregon",earthquake,,,,21,reviewed,us,us
2010-03-14T22:51:26.980Z,44.405,-129.103,10,4.3,mb,39,217.5,,0.91,us,usp000h9dr,2014-11-07T01:41:01.723Z,"off the coast of Oregon",earthquake,,,,9,reviewed,us,us
2010-03-14T09:45:23.710Z,43.976,-129.715,10,3.1,ml,20,297.5,,0.54,us,usp000h9cq,2014-11-07T01:41:00.120Z,"off the coast of Oregon",earthquake,,,,,reviewed,us,us
2010-03-13T05:50:48.050Z,44.179,-129.326,10,4,mb,21,195.7,,1.14,us,usp000h9a1,2014-11-07T01:40:59.578Z,"off the coast of Oregon",earthquake,,,,3,reviewed,us,us
2010-03-13T05:20:16.030Z,44.249,-129.457,10,4.2,mb,126,176.2,,1.14,us,usp000h99z,2015-03-24T01:06:07.934Z,"off the coast of Oregon",earthquake,,,,29,reviewed,us,us
2010-03-13T04:53:39.910Z,44.218,-129.355,10,5,mwc,247,104.2,,0.95,us,usp000h99x,2016-11-10T02:25:42.043Z,"off the coast of Oregon",earthquake,,,,,reviewed,us,gcmt
2010-03-12T20:31:21.430Z,44.255,-129.332,10,4.3,mb,79,192.5,,1.33,us,usp000h99a,2014-11-07T01:40:59.381Z,"off the coast of Oregon",earthquake,,,,13,reviewed,us,us
2010-03-12T18:29:57.200Z,44.379,-129.376,10,4.2,mb,68,192.5,,1.05,us,usp000h994,2014-11-07T01:40:59.323Z,"off the coast of Oregon",earthquake,,,,11,reviewed,us,us
2010-03-12T03:54:57.480Z,44.391,-129.231,10,4.1,mb,45,200.6,,0.94,us,usp000h970,2014-11-07T01:40:58.994Z,"off the coast of Oregon",earthquake,,,,11,reviewed,us,us
2010-03-09T09:52:09.080Z,44.265,-129.083,10,3.7,mb,29,218.2,,1.08,us,usp000h90b,2014-11-07T01:40:57.819Z,"off the coast of Oregon",earthquake,,,,1,reviewed,us,us
2010-03-06T02:23:12.360Z,40.6886667,-127.0021667,6.172,2.96,md,17,303,2.039,0.14,nc,nc71359280,2017-01-22T00:51:08.439Z,"off the coast of Northern California",earthquake,8.12,7.76,0.157,19,reviewed,nc,nc
2010-02-16T22:50:17.520Z,40.329,-127.342,10,2.9,ml,13,284.5,,0.98,us,usp000h7ch,2017-01-21T22:32:29.916Z,"off the coast of Northern California",earthquake,,,,,reviewed,us,us
2010-02-13T00:38:19.340Z,43.974,-127.679,10,4.4,mb,74,250.1,,1.23,us,usp000h781,2015-03-24T01:04:13.803Z,"off the coast of Oregon",earthquake,,,,13,reviewed,us,us
2010-01-31T02:50:36.530Z,43.385,-127.422,10,2.8,ml,22,225.7,,0.85,us,usp000h6td,2014-11-07T01:40:35.505Z,"off the coast of Oregon",earthquake,,,,,reviewed,us,us
2010-01-09T14:19:17.620Z,44.055,-128.954,10,4,mb,55,203.4,,1.1,us,usp000h5w8,2014-11-07T01:40:26.050Z,"off the coast of Oregon",earthquake,,,,5,reviewed,us,us
